image,tile,label,hsv
1,"(0, 0)",grassland,"(43.0, 215.0, 156.0)"
1,"(0, 1)",lake,"(105.0, 254.0, 184.0)"
1,"(0, 2)",forest,"(46.0, 165.0, 62.0)"
1,"(0, 3)",forest,"(42.0, 155.0, 59.0)"
1,"(0, 4)",forest,"(45.0, 163.0, 60.0)"
1,"(1, 0)",grassland,"(44.0, 212.0, 156.0)"
1,"(1, 1)",forest,"(46.0, 165.0, 58.0)"
1,"(1, 2)",forest,"(43.0, 171.0, 59.0)"
1,"(1, 3)",forest,"(36.0, 167.0, 64.0)"
1,"(1, 4)",grassland,"(42.0, 216.0, 151.0)"
1,"(2, 0)",grassland,"(41.0, 209.0, 154.0)"
1,"(2, 1)",swamp,"(23.0, 127.0, 114.0)"
1,"(2, 2)",home,"(29.0, 96.0, 141.0)"
1,"(2, 3)",forest,"(43.0, 178.0, 58.0)"
1,"(2, 4)",grassland,"(40.0, 224.0, 147.0)"
1,"(3, 0)",grassland,"(43.0, 224.0, 151.0)"
1,"(3, 1)",swamp,"(23.0, 132.0, 116.0)"
1,"(3, 2)",lake,"(105.0, 251.0, 180.0)"
1,"(3, 3)",grassland,"(37.0, 216.0, 141.0)"
1,"(3, 4)",grassland,"(39.0, 230.0, 141.0)"
1,"(4, 0)",forest,"(48.0, 98.0, 63.0)"
1,"(4, 1)",lake,"(105.0, 224.0, 152.0)"
1,"(4, 2)",lake,"(106.0, 227.0, 143.0)"
1,"(4, 3)",grassland,"(39.0, 213.0, 133.0)"
1,"(4, 4)",field,"(26.0, 246.0, 198.0)"
2,"(0, 0)",field,"(26.0, 252.0, 177.0)"
2,"(0, 1)",swamp,"(26.0, 70.0, 115.0)"
2,"(0, 2)",field,"(26.0, 248.0, 177.0)"
2,"(0, 3)",mine,"(24.0, 132.0, 44.0)"
2,"(0, 4)",swamp,"(23.0, 131.0, 103.0)"
2,"(1, 0)",mine,"(24.0, 83.5, 37.0)"
2,"(1, 1)",swamp,"(23.0, 126.0, 88.0)"
2,"(1, 2)",field,"(26.0, 251.0, 182.0)"
2,"(1, 3)",field,"(26.0, 249.0, 181.0)"
2,"(1, 4)",forest,"(46.0, 158.0, 47.0)"
2,"(2, 0)",mine,"(23.0, 85.0, 41.0)"
2,"(2, 1)",swamp,"(23.0, 126.0, 104.0)"
2,"(2, 2)",home,"(21.0, 61.0, 120.0)"
2,"(2, 3)",field,"(26.0, 248.0, 184.0)"
2,"(2, 4)",field,"(26.0, 249.0, 183.0)"
2,"(3, 0)",mine,"(23.0, 96.0, 42.0)"
2,"(3, 1)",mine,"(24.0, 108.0, 64.0)"
2,"(3, 2)",grassland,"(43.0, 221.0, 149.0)"
2,"(3, 3)",grassland,"(44.0, 222.0, 142.0)"
2,"(3, 4)",field,"(26.0, 244.0, 177.0)"
2,"(4, 0)",field,"(26.0, 248.0, 193.0)"
2,"(4, 1)",field,"(26.0, 244.0, 192.0)"
2,"(4, 2)",swamp,"(23.0, 161.0, 114.0)"
2,"(4, 3)",swamp,"(25.0, 109.0, 119.0)"
2,"(4, 4)",grassland,"(42.0, 220.0, 141.0)"
3,"(0, 0)",swamp,"(22.0, 145.0, 98.0)"
3,"(0, 1)",field,"(25.0, 243.0, 168.0)"
3,"(0, 2)",forest,"(43.0, 166.0, 46.0)"
3,"(0, 3)",forest,"(47.0, 136.0, 39.0)"
3,"(0, 4)",forest,"(48.0, 143.0, 39.0)"
3,"(1, 0)",field,"(26.0, 249.0, 185.0)"
3,"(1, 1)",field,"(26.0, 237.0, 183.0)"
3,"(1, 2)",forest,"(38.0, 122.0, 52.0)"
3,"(1, 3)",forest,"(50.0, 132.0, 40.0)"
3,"(1, 4)",forest,"(49.0, 143.0, 42.0)"
3,"(2, 0)",mine,"(24.0, 64.0, 36.0)"
3,"(2, 1)",field,"(25.0, 239.0, 172.0)"
3,"(2, 2)",home,"(30.0, 66.0, 110.0)"
3,"(2, 3)",forest,"(45.0, 153.0, 40.0)"
3,"(2, 4)",lake,"(106.0, 250.0, 137.0)"
3,"(3, 0)",field,"(26.0, 248.0, 188.0)"
3,"(3, 1)",forest,"(35.0, 180.0, 55.0)"
3,"(3, 2)",forest,"(43.0, 189.0, 44.0)"
3,"(3, 3)",forest,"(36.0, 180.0, 49.0)"
3,"(3, 4)",lake,"(107.0, 253.0, 151.0)"
3,"(4, 0)",lake,"(106.0, 252.0, 159.0)"
3,"(4, 1)",lake,"(106.0, 254.0, 164.0)"
3,"(4, 2)",lake,"(106.0, 252.0, 150.0)"
3,"(4, 3)",forest,"(45.0, 168.0, 44.0)"
3,"(4, 4)",lake,"(106.0, 249.0, 118.0)"
4,"(0, 0)",lake,"(105.0, 240.0, 144.0)"
4,"(0, 1)",field,"(26.0, 239.0, 196.0)"
4,"(0, 2)",field,"(26.0, 240.0, 189.0)"
4,"(0, 3)",swamp,"(23.0, 112.0, 130.0)"
4,"(0, 4)",field,"(26.0, 247.0, 191.0)"
4,"(1, 0)",lake,"(105.0, 250.0, 159.0)"
4,"(1, 1)",field,"(26.0, 242.0, 190.0)"
4,"(1, 2)",grassland,"(37.0, 228.0, 140.0)"
4,"(1, 3)",grassland,"(44.0, 204.0, 145.0)"
4,"(1, 4)",field,"(26.0, 247.0, 190.0)"
4,"(2, 0)",lake,"(106.0, 253.0, 164.0)"
4,"(2, 1)",field,"(26.0, 239.0, 194.0)"
4,"(2, 2)",field,"(26.0, 250.0, 193.0)"
4,"(2, 3)",field,"(26.0, 235.0, 190.0)"
4,"(2, 4)",field,"(26.0, 243.0, 189.0)"
4,"(3, 0)",lake,"(105.0, 240.0, 142.0)"
4,"(3, 1)",field,"(26.0, 235.0, 192.0)"
4,"(3, 2)",field,"(26.0, 246.0, 191.0)"
4,"(3, 3)",forest,"(37.0, 166.0, 60.0)"
4,"(3, 4)",forest,"(35.0, 163.0, 58.0)"
4,"(4, 0)",lake,"(105.0, 253.0, 173.0)"
4,"(4, 1)",lake,"(105.0, 254.0, 173.0)"
4,"(4, 2)",home,"(30.0, 62.0, 123.0)"
4,"(4, 3)",lake,"(106.0, 254.0, 165.0)"
4,"(4, 4)",lake,"(106.0, 253.0, 163.0)"
5,"(0, 0)",grassland,"(43.0, 210.0, 162.0)"
5,"(0, 1)",lake,"(105.0, 251.0, 189.0)"
5,"(0, 2)",forest,"(45.0, 162.0, 67.0)"
5,"(0, 3)",forest,"(41.0, 155.0, 63.0)"
5,"(0, 4)",forest,"(43.0, 168.0, 64.0)"
5,"(1, 0)",grassland,"(44.0, 208.0, 162.0)"
5,"(1, 1)",forest,"(46.0, 165.0, 62.0)"
5,"(1, 2)",forest,"(43.0, 171.0, 64.0)"
5,"(1, 3)",forest,"(36.0, 166.0, 69.0)"
5,"(1, 4)",grassland,"(42.0, 213.0, 159.0)"
5,"(2, 0)",grassland,"(41.0, 206.0, 160.0)"
5,"(2, 1)",swamp,"(23.0, 118.0, 110.0)"
5,"(2, 2)",home,"(32.0, 128.0, 71.0)"
5,"(2, 3)",forest,"(43.0, 172.0, 61.0)"
5,"(2, 4)",grassland,"(40.0, 219.0, 154.0)"
5,"(3, 0)",grassland,"(43.0, 219.0, 156.0)"
5,"(3, 1)",swamp,"(23.0, 134.0, 122.0)"
5,"(3, 2)",lake,"(104.0, 249.0, 186.0)"
5,"(3, 3)",grassland,"(37.0, 211.0, 150.0)"
5,"(3, 4)",grassland,"(39.0, 226.0, 149.0)"
5,"(4, 0)",forest,"(48.0, 99.0, 66.0)"
5,"(4, 1)",lake,"(105.0, 225.0, 157.0)"
5,"(4, 2)",lake,"(106.0, 225.0, 150.0)"
5,"(4, 3)",grassland,"(39.0, 208.0, 139.0)"
5,"(4, 4)",field,"(26.0, 243.0, 205.0)"
6,"(0, 0)",field,"(26.0, 249.0, 185.0)"
6,"(0, 1)",swamp,"(26.0, 72.0, 123.0)"
6,"(0, 2)",field,"(26.0, 244.0, 185.0)"
6,"(0, 3)",mine,"(24.0, 130.0, 46.0)"
6,"(0, 4)",swamp,"(23.0, 129.0, 113.0)"
6,"(1, 0)",mine,"(24.0, 85.0, 38.0)"
6,"(1, 1)",swamp,"(23.0, 131.0, 97.0)"
6,"(1, 2)",field,"(26.0, 226.0, 105.0)"
6,"(1, 3)",field,"(26.0, 246.0, 189.0)"
6,"(1, 4)",forest,"(47.0, 156.0, 53.0)"
6,"(2, 0)",mine,"(24.0, 81.0, 41.0)"
6,"(2, 1)",swamp,"(23.0, 129.0, 104.0)"
6,"(2, 2)",home,"(27.0, 112.0, 77.0)"
6,"(2, 3)",field,"(26.0, 246.0, 191.0)"
6,"(2, 4)",field,"(26.0, 245.0, 192.0)"
6,"(3, 0)",mine,"(24.0, 88.0, 39.0)"
6,"(3, 1)",mine,"(24.0, 110.0, 68.0)"
6,"(3, 2)",grassland,"(42.0, 218.0, 158.0)"
6,"(3, 3)",grassland,"(44.0, 218.0, 152.0)"
6,"(3, 4)",field,"(26.0, 239.0, 186.0)"
6,"(4, 0)",field,"(26.0, 245.0, 199.0)"
6,"(4, 1)",field,"(26.0, 241.0, 199.0)"
6,"(4, 2)",swamp,"(23.0, 160.0, 122.0)"
6,"(4, 3)",swamp,"(26.0, 110.0, 128.0)"
6,"(4, 4)",grassland,"(42.0, 216.0, 151.0)"
7,"(0, 0)",swamp,"(22.0, 142.0, 109.0)"
7,"(0, 1)",field,"(25.0, 238.0, 180.0)"
7,"(0, 2)",forest,"(43.0, 166.0, 53.0)"
7,"(0, 3)",forest,"(46.0, 145.0, 46.0)"
7,"(0, 4)",forest,"(46.0, 144.0, 46.0)"
7,"(1, 0)",field,"(26.0, 244.0, 194.0)"
7,"(1, 1)",field,"(26.0, 233.0, 192.0)"
7,"(1, 2)",forest,"(38.0, 117.0, 54.0)"
7,"(1, 3)",forest,"(51.0, 120.0, 47.0)"
7,"(1, 4)",forest,"(49.0, 138.0, 49.0)"
7,"(2, 0)",mine,"(24.0, 67.0, 42.0)"
7,"(2, 1)",field,"(25.0, 233.0, 177.0)"
7,"(2, 2)",home,"(31.0, 116.0, 65.0)"
7,"(2, 3)",forest,"(46.0, 143.0, 47.0)"
7,"(2, 4)",lake,"(106.0, 250.0, 150.0)"
7,"(3, 0)",field,"(26.0, 243.0, 197.0)"
7,"(3, 1)",forest,"(35.0, 174.0, 61.0)"
7,"(3, 2)",forest,"(42.0, 188.0, 50.0)"
7,"(3, 3)",forest,"(37.0, 179.0, 57.0)"
7,"(3, 4)",lake,"(106.0, 253.0, 161.0)"
7,"(4, 0)",lake,"(105.0, 252.0, 171.0)"
7,"(4, 1)",lake,"(105.0, 254.0, 174.0)"
7,"(4, 2)",lake,"(105.0, 250.0, 161.0)"
7,"(4, 3)",forest,"(43.0, 162.0, 51.0)"
7,"(4, 4)",lake,"(106.0, 248.0, 131.0)"
8,"(0, 0)",lake,"(105.0, 238.0, 152.0)"
8,"(0, 1)",field,"(26.0, 236.0, 203.0)"
8,"(0, 2)",field,"(26.0, 236.0, 197.0)"
8,"(0, 3)",swamp,"(23.0, 114.0, 138.0)"
8,"(0, 4)",field,"(26.0, 243.0, 199.0)"
8,"(1, 0)",lake,"(105.0, 248.0, 166.0)"
8,"(1, 1)",field,"(26.0, 239.0, 197.0)"
8,"(1, 2)",grassland,"(37.0, 222.0, 147.0)"
8,"(1, 3)",grassland,"(43.0, 200.0, 153.0)"
8,"(1, 4)",field,"(26.0, 242.0, 199.0)"
8,"(2, 0)",lake,"(105.0, 251.0, 174.0)"
8,"(2, 1)",field,"(26.0, 236.0, 202.0)"
8,"(2, 2)",field,"(26.0, 247.0, 201.0)"
8,"(2, 3)",field,"(26.0, 232.0, 198.0)"
8,"(2, 4)",field,"(26.0, 240.0, 198.0)"
8,"(3, 0)",lake,"(105.0, 235.0, 150.0)"
8,"(3, 1)",field,"(26.0, 231.0, 200.0)"
8,"(3, 2)",field,"(26.0, 241.0, 200.0)"
8,"(3, 3)",forest,"(36.0, 162.0, 66.0)"
8,"(3, 4)",forest,"(35.0, 155.0, 65.0)"
8,"(4, 0)",lake,"(105.0, 251.0, 183.0)"
8,"(4, 1)",lake,"(105.0, 252.0, 180.0)"
8,"(4, 2)",home,"(30.0, 53.0, 90.0)"
8,"(4, 3)",lake,"(106.0, 254.0, 171.0)"
8,"(4, 4)",lake,"(106.0, 254.0, 175.0)"
9,"(0, 0)",unknown,"(21.0, 168.0, 159.0)"
9,"(0, 1)",mine,"(24.0, 88.0, 41.0)"
9,"(0, 2)",field,"(27.0, 244.0, 192.0)"
9,"(0, 3)",field,"(26.0, 239.0, 185.0)"
9,"(0, 4)",grassland,"(42.0, 223.0, 149.0)"
9,"(1, 0)",field,"(26.0, 246.0, 192.0)"
9,"(1, 1)",grassland,"(40.0, 228.0, 138.0)"
9,"(1, 2)",lake,"(105.0, 252.0, 160.0)"
9,"(1, 3)",field,"(26.0, 242.0, 188.0)"
9,"(1, 4)",forest,"(36.0, 182.0, 63.0)"
9,"(2, 0)",unknown,"(21.0, 168.0, 159.0)"
9,"(2, 1)",grassland,"(41.0, 210.0, 154.0)"
9,"(2, 2)",grassland,"(37.0, 222.0, 144.0)"
9,"(2, 3)",field,"(27.0, 248.0, 194.0)"
9,"(2, 4)",field,"(26.0, 244.0, 194.0)"
9,"(3, 0)",field,"(27.0, 238.0, 193.0)"
9,"(3, 1)",swamp,"(24.0, 129.0, 116.0)"
9,"(3, 2)",field,"(26.0, 242.0, 194.0)"
9,"(3, 3)",field,"(26.0, 242.0, 195.0)"
9,"(3, 4)",home,"(28.0, 102.0, 139.0)"
9,"(4, 0)",swamp,"(23.0, 108.0, 117.0)"
9,"(4, 1)",swamp,"(24.0, 90.0, 133.0)"
9,"(4, 2)",field,"(26.0, 231.0, 189.0)"
9,"(4, 3)",field,"(26.0, 234.0, 195.0)"
9,"(4, 4)",lake,"(105.0, 252.0, 161.0)"
10,"(0, 0)",field,"(26.0, 245.0, 156.0)"
10,"(0, 1)",mine,"(24.0, 102.0, 33.0)"
10,"(0, 2)",mine,"(24.0, 111.0, 32.0)"
10,"(0, 3)",mine,"(24.0, 106.0, 34.0)"
10,"(0, 4)",unknown,"(20.0, 222.0, 122.0)"
10,"(1, 0)",lake,"(107.0, 253.0, 154.0)"
10,"(1, 1)",forest,"(36.0, 185.0, 47.0)"
10,"(1, 2)",swamp,"(24.0, 148.0, 86.0)"
10,"(1, 3)",swamp,"(24.0, 134.0, 100.0)"
10,"(1, 4)",unknown,"(20.0, 216.0, 125.0)"
10,"(2, 0)",lake,"(107.0, 253.0, 151.0)"
10,"(2, 1)",lake,"(106.0, 255.0, 158.0)"
10,"(2, 2)",home,"(22.0, 66.0, 113.0)"
10,"(2, 3)",swamp,"(23.0, 150.0, 89.0)"
10,"(2, 4)",field,"(26.0, 254.0, 178.0)"
10,"(3, 0)",lake,"(106.0, 255.0, 165.0)"
10,"(3, 1)",lake,"(106.0, 252.0, 150.0)"
10,"(3, 2)",forest,"(45.0, 200.0, 49.0)"
10,"(3, 3)",field,"(26.0, 241.0, 182.0)"
10,"(3, 4)",field,"(26.0, 248.0, 181.0)"
10,"(4, 0)",lake,"(105.0, 254.0, 169.0)"
10,"(4, 1)",lake,"(106.0, 252.0, 156.0)"
10,"(4, 2)",forest,"(45.0, 189.0, 51.0)"
10,"(4, 3)",forest,"(39.0, 144.0, 56.0)"
10,"(4, 4)",forest,"(46.0, 163.0, 51.0)"
11,"(0, 0)",forest,"(46.0, 166.0, 51.0)"
11,"(0, 1)",forest,"(36.0, 155.0, 51.0)"
11,"(0, 2)",forest,"(48.0, 165.5, 43.0)"
11,"(0, 3)",forest,"(43.0, 154.0, 41.0)"
11,"(0, 4)",forest,"(49.0, 148.0, 37.0)"
11,"(1, 0)",lake,"(106.0, 246.0, 123.0)"
11,"(1, 1)",field,"(26.0, 248.0, 181.0)"
11,"(1, 2)",field,"(26.0, 248.0, 170.0)"
11,"(1, 3)",forest,"(44.0, 152.0, 43.0)"
11,"(1, 4)",forest,"(49.0, 132.0, 38.5)"
11,"(2, 0)",lake,"(105.0, 244.0, 128.0)"
11,"(2, 1)",field,"(26.0, 243.0, 181.0)"
11,"(2, 2)",field,"(26.0, 252.0, 179.0)"
11,"(2, 3)",forest,"(38.0, 166.0, 46.0)"
11,"(2, 4)",home,"(33.0, 66.0, 97.0)"
11,"(3, 0)",lake,"(106.0, 249.0, 123.0)"
11,"(3, 1)",grassland,"(39.0, 231.0, 111.0)"
11,"(3, 2)",grassland,"(42.0, 228.0, 131.0)"
11,"(3, 3)",forest,"(36.0, 161.0, 46.0)"
11,"(3, 4)",forest,"(48.0, 157.0, 40.0)"
11,"(4, 0)",unknown,"(21.0, 199.0, 146.0)"
11,"(4, 1)",unknown,"(21.0, 197.0, 145.0)"
11,"(4, 2)",grassland,"(41.0, 233.0, 127.0)"
11,"(4, 3)",forest,"(43.0, 177.0, 42.0)"
11,"(4, 4)",forest,"(42.0, 166.0, 43.0)"
12,"(0, 0)",field,"(26.0, 245.0, 193.0)"
12,"(0, 1)",field,"(26.0, 246.0, 191.0)"
12,"(0, 2)",grassland,"(45.0, 225.0, 150.0)"
12,"(0, 3)",grassland,"(43.0, 222.0, 154.0)"
12,"(0, 4)",unknown,"(21.0, 200.0, 147.0)"
12,"(1, 0)",forest,"(45.0, 137.0, 59.0)"
12,"(1, 1)",lake,"(105.0, 245.0, 142.0)"
12,"(1, 2)",lake,"(105.0, 253.0, 169.0)"
12,"(1, 3)",lake,"(105.0, 254.0, 173.0)"
12,"(1, 4)",unknown,"(20.0, 209.0, 143.0)"
12,"(2, 0)",grassland,"(43.0, 217.0, 155.0)"
12,"(2, 1)",grassland,"(42.0, 237.0, 147.0)"
12,"(2, 2)",grassland,"(38.0, 225.0, 135.0)"
12,"(2, 3)",forest,"(45.0, 186.0, 57.0)"
12,"(2, 4)",lake,"(105.0, 254.0, 169.0)"
12,"(3, 0)",grassland,"(43.0, 219.0, 155.0)"
12,"(3, 1)",swamp,"(23.0, 151.0, 107.0)"
12,"(3, 2)",grassland,"(44.0, 206.0, 144.0)"
12,"(3, 3)",field,"(26.0, 236.0, 188.0)"
12,"(3, 4)",lake,"(106.0, 255.0, 168.0)"
12,"(4, 0)",swamp,"(22.0, 151.0, 116.0)"
12,"(4, 1)",swamp,"(26.0, 102.0, 123.0)"
12,"(4, 2)",home,"(34.0, 59.0, 123.0)"
12,"(4, 3)",field,"(26.0, 241.0, 187.0)"
12,"(4, 4)",lake,"(105.0, 245.0, 134.0)"
13,"(0, 0)",unknown,"(21.0, 167.0, 157.0)"
13,"(0, 1)",mine,"(25.0, 75.0, 42.0)"
13,"(0, 2)",field,"(27.0, 244.0, 190.0)"
13,"(0, 3)",field,"(26.0, 239.0, 184.0)"
13,"(0, 4)",grassland,"(42.0, 222.0, 147.0)"
13,"(1, 0)",field,"(26.0, 247.0, 190.0)"
13,"(1, 1)",grassland,"(40.0, 228.0, 136.0)"
13,"(1, 2)",lake,"(106.0, 252.0, 157.0)"
13,"(1, 3)",field,"(26.0, 242.0, 186.0)"
13,"(1, 4)",forest,"(36.0, 180.0, 61.0)"
13,"(2, 0)",unknown,"(21.0, 168.0, 156.0)"
13,"(2, 1)",grassland,"(42.0, 210.0, 152.0)"
13,"(2, 2)",grassland,"(38.0, 220.0, 139.0)"
13,"(2, 3)",field,"(27.0, 248.0, 192.0)"
13,"(2, 4)",field,"(26.0, 244.0, 191.0)"
13,"(3, 0)",field,"(27.0, 237.0, 190.0)"
13,"(3, 1)",swamp,"(24.0, 124.0, 112.0)"
13,"(3, 2)",field,"(27.0, 242.0, 191.0)"
13,"(3, 3)",field,"(26.0, 244.0, 190.0)"
13,"(3, 4)",home,"(29.0, 128.0, 62.0)"
13,"(4, 0)",swamp,"(24.0, 106.0, 115.0)"
13,"(4, 1)",swamp,"(24.0, 86.0, 129.0)"
13,"(4, 2)",field,"(26.0, 230.0, 185.0)"
13,"(4, 3)",field,"(26.0, 235.0, 192.0)"
13,"(4, 4)",lake,"(105.0, 253.0, 159.0)"
14,"(0, 0)",field,"(26.0, 245.0, 154.0)"
14,"(0, 1)",mine,"(24.0, 93.0, 32.0)"
14,"(0, 2)",mine,"(24.0, 116.0, 36.0)"
14,"(0, 3)",mine,"(24.0, 106.0, 36.0)"
14,"(0, 4)",unknown,"(20.0, 221.0, 121.0)"
14,"(1, 0)",lake,"(107.0, 253.0, 154.0)"
14,"(1, 1)",forest,"(36.0, 176.0, 44.0)"
14,"(1, 2)",swamp,"(25.0, 128.0, 76.0)"
14,"(1, 3)",swamp,"(24.0, 130.0, 97.0)"
14,"(1, 4)",unknown,"(20.0, 215.0, 124.0)"
14,"(2, 0)",lake,"(107.0, 253.0, 152.0)"
14,"(2, 1)",lake,"(107.0, 255.0, 154.0)"
14,"(2, 2)",home,"(30.0, 105.0, 64.0)"
14,"(2, 3)",swamp,"(23.0, 152.0, 81.0)"
14,"(2, 4)",field,"(26.0, 254.0, 176.0)"
14,"(3, 0)",lake,"(106.0, 255.0, 165.0)"
14,"(3, 1)",lake,"(106.0, 252.0, 149.0)"
14,"(3, 2)",forest,"(45.0, 195.0, 48.0)"
14,"(3, 3)",field,"(26.0, 241.0, 181.0)"
14,"(3, 4)",field,"(26.0, 248.0, 180.0)"
14,"(4, 0)",lake,"(106.0, 254.0, 170.0)"
14,"(4, 1)",lake,"(106.0, 252.0, 155.0)"
14,"(4, 2)",forest,"(46.0, 181.0, 49.0)"
14,"(4, 3)",forest,"(40.0, 140.0, 54.0)"
14,"(4, 4)",forest,"(48.0, 150.0, 49.0)"
15,"(0, 0)",forest,"(46.0, 160.0, 48.0)"
15,"(0, 1)",forest,"(37.0, 144.0, 49.0)"
15,"(0, 2)",forest,"(48.0, 153.0, 42.0)"
15,"(0, 3)",forest,"(45.0, 148.0, 41.0)"
15,"(0, 4)",forest,"(50.0, 137.0, 36.0)"
15,"(1, 0)",lake,"(106.0, 247.0, 121.0)"
15,"(1, 1)",field,"(26.0, 248.0, 179.0)"
15,"(1, 2)",field,"(26.0, 248.0, 166.0)"
15,"(1, 3)",forest,"(45.0, 154.0, 41.0)"
15,"(1, 4)",forest,"(51.0, 127.0, 38.0)"
15,"(2, 0)",lake,"(105.0, 246.0, 124.0)"
15,"(2, 1)",field,"(26.0, 244.0, 179.0)"
15,"(2, 2)",field,"(26.0, 252.0, 176.0)"
15,"(2, 3)",forest,"(38.0, 152.0, 38.0)"
15,"(2, 4)",home,"(32.0, 84.0, 45.0)"
15,"(3, 0)",lake,"(107.0, 250.0, 123.0)"
15,"(3, 1)",grassland,"(40.0, 230.0, 108.0)"
15,"(3, 2)",grassland,"(43.0, 229.0, 128.0)"
15,"(3, 3)",forest,"(35.0, 153.0, 44.0)"
15,"(3, 4)",forest,"(49.0, 158.0, 39.0)"
15,"(4, 0)",unknown,"(21.0, 199.0, 142.0)"
15,"(4, 1)",unknown,"(21.0, 194.0, 142.0)"
15,"(4, 2)",grassland,"(41.0, 233.0, 124.0)"
15,"(4, 3)",forest,"(43.0, 163.0, 41.0)"
15,"(4, 4)",forest,"(43.0, 153.0, 42.0)"
16,"(0, 0)",field,"(26.0, 246.0, 191.0)"
16,"(0, 1)",field,"(26.0, 247.0, 189.0)"
16,"(0, 2)",grassland,"(45.0, 226.0, 148.0)"
16,"(0, 3)",grassland,"(43.0, 223.0, 151.0)"
16,"(0, 4)",unknown,"(21.0, 200.0, 144.0)"
16,"(1, 0)",forest,"(46.0, 137.0, 56.0)"
16,"(1, 1)",lake,"(105.0, 246.0, 139.0)"
16,"(1, 2)",lake,"(105.0, 253.0, 167.0)"
16,"(1, 3)",lake,"(105.0, 254.0, 170.0)"
16,"(1, 4)",unknown,"(20.0, 209.0, 140.0)"
16,"(2, 0)",grassland,"(44.0, 217.0, 152.0)"
16,"(2, 1)",grassland,"(43.0, 238.0, 144.0)"
16,"(2, 2)",grassland,"(39.0, 228.0, 132.0)"
16,"(2, 3)",forest,"(46.0, 184.0, 55.0)"
16,"(2, 4)",lake,"(105.0, 254.0, 166.0)"
16,"(3, 0)",grassland,"(43.0, 220.0, 152.0)"
16,"(3, 1)",swamp,"(23.0, 149.0, 103.0)"
16,"(3, 2)",grassland,"(44.0, 204.0, 141.0)"
16,"(3, 3)",field,"(26.0, 237.0, 185.0)"
16,"(3, 4)",lake,"(106.0, 255.0, 164.0)"
16,"(4, 0)",swamp,"(22.0, 151.0, 113.0)"
16,"(4, 1)",swamp,"(26.0, 104.0, 115.0)"
16,"(4, 2)",home,"(30.0, 56.0, 79.0)"
16,"(4, 3)",field,"(26.0, 244.0, 181.0)"
16,"(4, 4)",lake,"(105.0, 247.0, 130.0)"
17,"(0, 0)",swamp,"(22.0, 168.5, 129.0)"
17,"(0, 1)",grassland,"(42.0, 220.0, 163.0)"
17,"(0, 2)",swamp,"(23.0, 150.0, 124.5)"
17,"(0, 3)",field,"(27.0, 245.0, 204.0)"
17,"(0, 4)",forest,"(44.0, 177.0, 65.0)"
17,"(1, 0)",swamp,"(25.0, 120.0, 137.0)"
17,"(1, 1)",grassland,"(43.0, 215.0, 164.0)"
17,"(1, 2)",swamp,"(26.0, 70.0, 144.0)"
17,"(1, 3)",field,"(26.0, 230.0, 205.0)"
17,"(1, 4)",forest,"(45.0, 172.0, 63.0)"
17,"(2, 0)",swamp,"(23.0, 151.0, 121.0)"
17,"(2, 1)",grassland,"(42.0, 228.0, 158.0)"
17,"(2, 2)",home,"(32.0, 59.0, 141.0)"
17,"(2, 3)",field,"(26.0, 238.0, 206.0)"
17,"(2, 4)",forest,"(35.0, 174.0, 74.0)"
17,"(3, 0)",swamp,"(23.0, 135.0, 117.0)"
17,"(3, 1)",grassland,"(39.0, 209.0, 138.0)"
17,"(3, 2)",lake,"(106.0, 237.0, 157.0)"
17,"(3, 3)",lake,"(104.0, 241.0, 176.0)"
17,"(3, 4)",forest,"(42.0, 189.0, 68.0)"
17,"(4, 0)",field,"(26.0, 235.0, 200.0)"
17,"(4, 1)",grassland,"(38.0, 199.0, 148.0)"
17,"(4, 2)",lake,"(104.0, 242.0, 189.0)"
17,"(4, 3)",lake,"(105.0, 243.0, 192.0)"
17,"(4, 4)",lake,"(104.0, 242.0, 193.0)"
18,"(0, 0)",grassland,"(41.0, 232.0, 139.0)"
18,"(0, 1)",forest,"(36.0, 201.0, 54.0)"
18,"(0, 2)",field,"(26.0, 254.0, 186.0)"
18,"(0, 3)",field,"(26.0, 254.0, 184.0)"
18,"(0, 4)",lake,"(106.0, 253.0, 132.0)"
18,"(1, 0)",unknown,"(20.0, 202.0, 150.0)"
18,"(1, 1)",forest,"(41.0, 207.0, 53.0)"
18,"(1, 2)",forest,"(37.0, 210.0, 61.0)"
18,"(1, 3)",field,"(26.0, 251.0, 190.0)"
18,"(1, 4)",field,"(26.0, 251.0, 183.0)"
18,"(2, 0)",unknown,"(21.0, 200.0, 155.0)"
18,"(2, 1)",forest,"(39.0, 200.0, 58.0)"
18,"(2, 2)",home,"(35.0, 81.0, 121.0)"
18,"(2, 3)",field,"(26.0, 247.0, 180.0)"
18,"(2, 4)",field,"(26.0, 242.0, 192.0)"
18,"(3, 0)",forest,"(43.0, 200.0, 64.0)"
18,"(3, 1)",forest,"(37.0, 201.0, 67.0)"
18,"(3, 2)",forest,"(45.0, 195.0, 56.0)"
18,"(3, 3)",forest,"(40.0, 196.0, 57.0)"
18,"(3, 4)",forest,"(37.0, 160.0, 64.0)"
18,"(4, 0)",lake,"(104.0, 252.0, 181.0)"
18,"(4, 1)",lake,"(105.0, 254.0, 180.0)"
18,"(4, 2)",forest,"(46.0, 193.0, 61.0)"
18,"(4, 3)",forest,"(40.0, 173.0, 61.0)"
18,"(4, 4)",forest,"(43.0, 176.0, 60.0)"
19,"(0, 0)",field,"(25.0, 246.0, 179.0)"
19,"(0, 1)",grassland,"(40.0, 234.0, 141.0)"
19,"(0, 2)",forest,"(43.0, 211.0, 49.0)"
19,"(0, 3)",grassland,"(40.0, 239.0, 126.0)"
19,"(0, 4)",lake,"(106.0, 253.0, 132.0)"
19,"(1, 0)",field,"(26.0, 251.0, 194.0)"
19,"(1, 1)",grassland,"(37.0, 242.0, 132.0)"
19,"(1, 2)",grassland,"(41.0, 233.0, 146.0)"
19,"(1, 3)",grassland,"(44.0, 232.0, 137.0)"
19,"(1, 4)",field,"(26.0, 251.0, 183.0)"
19,"(2, 0)",mine,"(22.0, 130.0, 65.0)"
19,"(2, 1)",swamp,"(23.0, 134.0, 107.0)"
19,"(2, 2)",home,"(21.0, 81.0, 128.0)"
19,"(2, 3)",forest,"(43.0, 155.0, 52.0)"
19,"(2, 4)",field,"(26.0, 249.0, 185.0)"
19,"(3, 0)",mine,"(21.0, 133.0, 67.0)"
19,"(3, 1)",mine,"(24.0, 118.0, 66.0)"
19,"(3, 2)",field,"(26.0, 248.0, 192.0)"
19,"(3, 3)",forest,"(31.0, 206.0, 64.0)"
19,"(3, 4)",swamp,"(23.0, 135.0, 110.0)"
19,"(4, 0)",field,"(26.0, 249.0, 198.0)"
19,"(4, 1)",field,"(26.0, 247.0, 196.0)"
19,"(4, 2)",field,"(26.0, 250.0, 193.0)"
19,"(4, 3)",field,"(26.0, 251.0, 190.0)"
19,"(4, 4)",field,"(26.0, 247.0, 179.0)"
20,"(0, 0)",lake,"(104.0, 245.0, 176.0)"
20,"(0, 1)",lake,"(104.0, 252.0, 189.0)"
20,"(0, 2)",lake,"(105.0, 254.0, 187.0)"
20,"(0, 3)",lake,"(105.0, 251.0, 178.0)"
20,"(0, 4)",lake,"(105.0, 253.0, 183.0)"
20,"(1, 0)",forest,"(40.0, 194.0, 66.0)"
20,"(1, 1)",swamp,"(23.0, 137.0, 124.0)"
20,"(1, 2)",grassland,"(40.0, 216.0, 164.0)"
20,"(1, 3)",forest,"(41.0, 193.0, 66.0)"
20,"(1, 4)",lake,"(105.0, 247.0, 150.0)"
20,"(2, 0)",mine,"(23.0, 98.0, 52.0)"
20,"(2, 1)",swamp,"(24.0, 127.0, 141.0)"
20,"(2, 2)",home,"(28.0, 108.0, 150.0)"
20,"(2, 3)",forest,"(43.0, 141.0, 66.0)"
20,"(2, 4)",lake,"(105.0, 239.0, 151.0)"
20,"(3, 0)",mine,"(24.0, 60.0, 45.0)"
20,"(3, 1)",mine,"(23.0, 60.0, 44.0)"
20,"(3, 2)",grassland,"(43.0, 200.0, 157.0)"
20,"(3, 3)",grassland,"(38.0, 221.0, 148.0)"
20,"(3, 4)",lake,"(105.0, 237.0, 149.0)"
20,"(4, 0)",field,"(26.0, 235.0, 204.0)"
20,"(4, 1)",field,"(25.0, 231.0, 197.0)"
20,"(4, 2)",field,"(26.0, 233.0, 201.0)"
20,"(4, 3)",field,"(26.0, 249.0, 200.0)"
20,"(4, 4)",field,"(26.0, 240.0, 198.0)"
21,"(0, 0)",swamp,"(22.0, 165.0, 129.0)"
21,"(0, 1)",grassland,"(42.0, 220.0, 163.0)"
21,"(0, 2)",swamp,"(23.0, 149.0, 124.0)"
21,"(0, 3)",field,"(26.0, 245.0, 204.0)"
21,"(0, 4)",forest,"(43.0, 173.0, 66.0)"
21,"(1, 0)",swamp,"(25.0, 118.0, 137.0)"
21,"(1, 1)",grassland,"(43.0, 215.0, 164.0)"
21,"(1, 2)",swamp,"(26.0, 68.0, 144.0)"
21,"(1, 3)",field,"(26.0, 229.0, 205.0)"
21,"(1, 4)",forest,"(43.0, 171.0, 64.0)"
21,"(2, 0)",swamp,"(23.0, 147.0, 120.0)"
21,"(2, 1)",grassland,"(43.0, 230.0, 144.0)"
21,"(2, 2)",home,"(39.0, 85.0, 53.0)"
21,"(2, 3)",field,"(26.0, 239.0, 206.0)"
21,"(2, 4)",forest,"(35.0, 169.0, 73.0)"
21,"(3, 0)",swamp,"(23.0, 132.0, 119.0)"
21,"(3, 1)",grassland,"(39.0, 210.0, 140.0)"
21,"(3, 2)",lake,"(106.0, 237.0, 159.0)"
21,"(3, 3)",lake,"(104.0, 242.0, 180.0)"
21,"(3, 4)",forest,"(43.0, 184.0, 69.0)"
21,"(4, 0)",field,"(26.0, 235.0, 200.0)"
21,"(4, 1)",grassland,"(38.0, 198.0, 149.0)"
21,"(4, 2)",lake,"(105.0, 241.0, 191.0)"
21,"(4, 3)",lake,"(105.0, 242.0, 195.0)"
21,"(4, 4)",lake,"(104.0, 241.0, 196.0)"
22,"(0, 0)",grassland,"(42.0, 234.0, 138.0)"
22,"(0, 1)",forest,"(36.0, 197.0, 52.0)"
22,"(0, 2)",field,"(26.0, 254.0, 187.0)"
22,"(0, 3)",field,"(26.0, 254.0, 184.0)"
22,"(0, 4)",lake,"(106.0, 253.0, 133.0)"
22,"(1, 0)",unknown,"(20.0, 201.0, 150.0)"
22,"(1, 1)",forest,"(43.0, 203.0, 51.0)"
22,"(1, 2)",forest,"(38.0, 193.0, 59.0)"
22,"(1, 3)",field,"(26.0, 251.0, 190.0)"
22,"(1, 4)",field,"(26.0, 250.0, 182.0)"
22,"(2, 0)",unknown,"(21.0, 198.0, 154.0)"
22,"(2, 1)",forest,"(41.0, 194.0, 54.0)"
22,"(2, 2)",home,"(40.0, 116.0, 61.0)"
22,"(2, 3)",field,"(26.0, 247.0, 165.0)"
22,"(2, 4)",field,"(26.0, 241.0, 193.0)"
22,"(3, 0)",forest,"(44.0, 196.0, 63.0)"
22,"(3, 1)",forest,"(37.0, 193.0, 65.0)"
22,"(3, 2)",forest,"(46.0, 191.0, 56.0)"
22,"(3, 3)",forest,"(41.0, 193.0, 57.0)"
22,"(3, 4)",forest,"(38.0, 160.0, 64.0)"
22,"(4, 0)",lake,"(105.0, 254.0, 184.0)"
22,"(4, 1)",lake,"(105.0, 254.0, 181.0)"
22,"(4, 2)",forest,"(46.0, 188.0, 61.0)"
22,"(4, 3)",forest,"(40.0, 173.0, 61.0)"
22,"(4, 4)",forest,"(44.0, 172.0, 60.0)"
23,"(0, 0)",field,"(25.0, 245.0, 180.0)"
23,"(0, 1)",grassland,"(40.0, 232.0, 141.0)"
23,"(0, 2)",forest,"(42.0, 203.0, 49.0)"
23,"(0, 3)",grassland,"(40.0, 239.0, 128.0)"
23,"(0, 4)",lake,"(107.0, 253.0, 138.0)"
23,"(1, 0)",field,"(26.0, 251.0, 195.0)"
23,"(1, 1)",grassland,"(38.0, 239.0, 132.0)"
23,"(1, 2)",grassland,"(42.0, 230.0, 145.0)"
23,"(1, 3)",grassland,"(44.0, 236.0, 136.0)"
23,"(1, 4)",field,"(26.0, 250.0, 184.0)"
23,"(2, 0)",mine,"(23.0, 113.0, 51.0)"
23,"(2, 1)",swamp,"(23.0, 137.0, 108.0)"
23,"(2, 2)",home,"(23.0, 135.0, 77.0)"
23,"(2, 3)",forest,"(45.0, 160.0, 51.0)"
23,"(2, 4)",field,"(26.0, 248.0, 186.0)"
23,"(3, 0)",mine,"(22.0, 116.0, 57.0)"
23,"(3, 1)",mine,"(24.0, 115.0, 55.0)"
23,"(3, 2)",field,"(26.0, 247.0, 195.0)"
23,"(3, 3)",forest,"(34.0, 188.0, 61.0)"
23,"(3, 4)",swamp,"(23.0, 126.0, 118.0)"
23,"(4, 0)",field,"(26.0, 249.0, 200.0)"
23,"(4, 1)",field,"(26.0, 246.0, 197.0)"
23,"(4, 2)",field,"(26.0, 250.0, 195.0)"
23,"(4, 3)",field,"(26.0, 250.0, 192.0)"
23,"(4, 4)",field,"(26.0, 246.0, 181.0)"
24,"(0, 0)",lake,"(104.0, 247.0, 181.0)"
24,"(0, 1)",lake,"(105.0, 252.0, 191.0)"
24,"(0, 2)",lake,"(105.0, 252.0, 190.0)"
24,"(0, 3)",lake,"(105.0, 251.0, 182.0)"
24,"(0, 4)",lake,"(105.0, 252.0, 186.0)"
24,"(1, 0)",forest,"(42.0, 186.0, 68.0)"
24,"(1, 1)",swamp,"(23.0, 130.0, 126.0)"
24,"(1, 2)",grassland,"(39.0, 212.0, 166.0)"
24,"(1, 3)",forest,"(42.0, 183.0, 65.0)"
24,"(1, 4)",lake,"(105.0, 245.0, 155.0)"
24,"(2, 0)",mine,"(23.0, 98.0, 52.0)"
24,"(2, 1)",swamp,"(23.0, 126.0, 132.0)"
24,"(2, 2)",home,"(28.0, 119.0, 100.0)"
24,"(2, 3)",forest,"(44.0, 140.5, 60.0)"
24,"(2, 4)",lake,"(105.0, 238.0, 155.0)"
24,"(3, 0)",mine,"(24.0, 58.0, 47.0)"
24,"(3, 1)",mine,"(23.0, 58.0, 44.0)"
24,"(3, 2)",grassland,"(43.0, 199.0, 159.0)"
24,"(3, 3)",grassland,"(38.0, 217.0, 149.0)"
24,"(3, 4)",lake,"(105.0, 238.0, 151.0)"
24,"(4, 0)",field,"(26.0, 233.0, 205.0)"
24,"(4, 1)",field,"(25.0, 230.0, 197.0)"
24,"(4, 2)",field,"(26.0, 231.0, 202.0)"
24,"(4, 3)",field,"(26.0, 246.0, 201.0)"
24,"(4, 4)",field,"(26.0, 238.0, 199.0)"
25,"(0, 0)",unknown,"(19.0, 111.0, 184.0)"
25,"(0, 1)",lake,"(106.0, 237.0, 202.0)"
25,"(0, 2)",lake,"(106.0, 234.0, 162.0)"
25,"(0, 3)",lake,"(106.0, 222.0, 163.0)"
25,"(0, 4)",field,"(26.0, 231.0, 203.0)"
25,"(1, 0)",unknown,"(19.0, 127.0, 179.0)"
25,"(1, 1)",forest,"(46.0, 132.0, 70.0)"
25,"(1, 2)",forest,"(45.0, 158.0, 68.0)"
25,"(1, 3)",lake,"(106.0, 244.0, 184.0)"
25,"(1, 4)",field,"(26.0, 234.0, 197.0)"
25,"(2, 0)",lake,"(106.0, 233.0, 204.0)"
25,"(2, 1)",forest,"(37.0, 148.0, 78.0)"
25,"(2, 2)",home,"(29.0, 60.0, 140.0)"
25,"(2, 3)",lake,"(106.0, 248.0, 184.0)"
25,"(2, 4)",field,"(26.0, 232.0, 206.0)"
25,"(3, 0)",lake,"(105.0, 235.5, 183.0)"
25,"(3, 1)",forest,"(42.0, 163.0, 67.0)"
25,"(3, 2)",swamp,"(23.0, 105.0, 138.0)"
25,"(3, 3)",mine,"(24.0, 99.0, 59.0)"
25,"(3, 4)",field,"(26.0, 239.0, 206.0)"
25,"(4, 0)",grassland,"(42.0, 200.0, 164.0)"
25,"(4, 1)",forest,"(35.0, 153.0, 77.0)"
25,"(4, 2)",mine,"(22.0, 117.0, 73.0)"
25,"(4, 3)",mine,"(23.0, 51.0, 43.0)"
25,"(4, 4)",field,"(26.0, 228.0, 200.0)"
26,"(0, 0)",forest,"(48.0, 155.0, 55.0)"
26,"(0, 1)",forest,"(48.0, 161.0, 58.0)"
26,"(0, 2)",forest,"(48.0, 147.0, 54.0)"
26,"(0, 3)",forest,"(50.0, 120.0, 53.0)"
26,"(0, 4)",lake,"(106.0, 254.0, 182.0)"
26,"(1, 0)",forest,"(35.0, 163.0, 67.0)"
26,"(1, 1)",field,"(26.0, 238.0, 198.0)"
26,"(1, 2)",forest,"(44.0, 147.0, 62.0)"
26,"(1, 3)",forest,"(51.0, 120.0, 57.0)"
26,"(1, 4)",lake,"(106.0, 254.0, 186.0)"
26,"(2, 0)",mine,"(24.0, 62.0, 46.0)"
26,"(2, 1)",field,"(26.0, 234.0, 201.0)"
26,"(2, 2)",home,"(28.0, 89.0, 144.0)"
26,"(2, 3)",forest,"(50.0, 102.0, 60.0)"
26,"(2, 4)",lake,"(106.0, 237.0, 151.0)"
26,"(3, 0)",field,"(26.0, 229.0, 203.0)"
26,"(3, 1)",field,"(26.0, 236.0, 203.0)"
26,"(3, 2)",forest,"(37.0, 148.0, 70.0)"
26,"(3, 3)",forest,"(47.0, 138.0, 59.0)"
26,"(3, 4)",lake,"(106.0, 247.0, 179.0)"
26,"(4, 0)",lake,"(105.0, 236.0, 157.0)"
26,"(4, 1)",lake,"(105.0, 251.0, 198.0)"
26,"(4, 2)",lake,"(105.0, 252.0, 197.0)"
26,"(4, 3)",lake,"(106.0, 252.0, 195.0)"
26,"(4, 4)",lake,"(106.0, 251.0, 186.0)"
27,"(0, 0)",grassland,"(43.0, 207.0, 160.0)"
27,"(0, 1)",grassland,"(44.0, 202.0, 155.0)"
27,"(0, 2)",field,"(26.0, 239.0, 195.0)"
27,"(0, 3)",field,"(26.0, 241.0, 191.0)"
27,"(0, 4)",field,"(26.0, 239.0, 190.0)"
27,"(1, 0)",lake,"(107.0, 242.0, 149.0)"
27,"(1, 1)",grassland,"(40.0, 215.0, 130.0)"
27,"(1, 2)",grassland,"(38.0, 212.0, 135.0)"
27,"(1, 3)",field,"(26.0, 247.0, 194.0)"
27,"(1, 4)",forest,"(45.0, 150.0, 56.0)"
27,"(2, 0)",lake,"(105.0, 251.0, 185.0)"
27,"(2, 1)",grassland,"(38.0, 212.0, 142.0)"
27,"(2, 2)",home,"(22.0, 56.0, 134.0)"
27,"(2, 3)",field,"(26.0, 241.0, 194.0)"
27,"(2, 4)",forest,"(35.0, 147.0, 60.0)"
27,"(3, 0)",grassland,"(38.0, 218.0, 143.0)"
27,"(3, 1)",grassland,"(43.0, 208.0, 162.0)"
27,"(3, 2)",field,"(26.0, 229.0, 197.0)"
27,"(3, 3)",field,"(26.0, 236.0, 185.0)"
27,"(3, 4)",forest,"(42.0, 135.0, 57.0)"
27,"(4, 0)",field,"(26.0, 241.0, 201.0)"
27,"(4, 1)",grassland,"(45.0, 207.0, 158.0)"
27,"(4, 2)",forest,"(38.0, 113.0, 70.0)"
27,"(4, 3)",forest,"(43.0, 121.0, 65.0)"
27,"(4, 4)",forest,"(48.0, 104.0, 66.0)"
28,"(0, 0)",mine,"(22.0, 81.0, 49.0)"
28,"(0, 1)",mine,"(24.0, 89.0, 59.0)"
28,"(0, 2)",field,"(26.0, 234.0, 206.0)"
28,"(0, 3)",field,"(26.0, 230.0, 201.0)"
28,"(0, 4)",swamp,"(22.0, 99.0, 142.0)"
28,"(1, 0)",swamp,"(22.0, 123.0, 134.0)"
28,"(1, 1)",swamp,"(22.0, 127.0, 126.0)"
28,"(1, 2)",grassland,"(42.0, 223.0, 162.0)"
28,"(1, 3)",grassland,"(41.0, 212.0, 157.0)"
28,"(1, 4)",forest,"(43.0, 151.0, 63.0)"
28,"(2, 0)",swamp,"(22.0, 145.0, 135.0)"
28,"(2, 1)",swamp,"(24.0, 104.0, 138.0)"
28,"(2, 2)",swamp,"(23.0, 110.0, 125.0)"
28,"(2, 3)",grassland,"(40.0, 202.0, 163.0)"
28,"(2, 4)",home,"(33.0, 53.0, 140.0)"
28,"(3, 0)",swamp,"(22.0, 137.0, 125.0)"
28,"(3, 1)",swamp,"(22.0, 121.0, 124.0)"
28,"(3, 2)",swamp,"(24.0, 56.0, 143.0)"
28,"(3, 3)",grassland,"(44.0, 191.0, 156.0)"
28,"(3, 4)",grassland,"(42.0, 203.0, 156.0)"
28,"(4, 0)",field,"(26.0, 244.0, 201.0)"
28,"(4, 1)",field,"(26.0, 238.0, 200.0)"
28,"(4, 2)",field,"(26.0, 227.0, 199.0)"
28,"(4, 3)",field,"(26.0, 229.0, 198.0)"
28,"(4, 4)",field,"(26.0, 232.0, 191.0)"
29,"(0, 0)",field,"(26.0, 233.0, 197.0)"
29,"(0, 1)",field,"(26.0, 236.0, 193.0)"
29,"(0, 2)",field,"(26.0, 235.0, 201.0)"
29,"(0, 3)",field,"(26.0, 242.0, 202.0)"
29,"(0, 4)",field,"(26.0, 230.0, 196.0)"
29,"(1, 0)",lake,"(105.0, 226.0, 155.0)"
29,"(1, 1)",lake,"(105.0, 249.0, 175.0)"
29,"(1, 2)",lake,"(105.0, 250.0, 170.0)"
29,"(1, 3)",mine,"(24.0, 98.0, 49.0)"
29,"(1, 4)",mine,"(24.0, 55.0, 40.0)"
29,"(2, 0)",lake,"(105.0, 239.0, 152.0)"
29,"(2, 1)",forest,"(46.0, 157.0, 60.0)"
29,"(2, 2)",home,"(34.0, 85.0, 77.0)"
29,"(2, 3)",swamp,"(24.0, 113.0, 128.0)"
29,"(2, 4)",mine,"(22.0, 130.0, 82.0)"
29,"(3, 0)",lake,"(105.0, 242.0, 192.0)"
29,"(3, 1)",forest,"(46.0, 133.0, 66.0)"
29,"(3, 2)",forest,"(38.0, 152.0, 74.0)"
29,"(3, 3)",forest,"(42.0, 163.0, 64.0)"
29,"(3, 4)",forest,"(35.0, 158.0, 74.0)"
29,"(4, 0)",unknown,"(20.0, 110.0, 182.0)"
29,"(4, 1)",unknown,"(20.0, 129.0, 176.0)"
29,"(4, 2)",lake,"(105.0, 238.0, 195.0)"
29,"(4, 3)",lake,"(104.0, 237.0, 171.0)"
29,"(4, 4)",grassland,"(42.0, 202.0, 161.0)"
30,"(0, 0)",forest,"(48.0, 163.0, 53.0)"
30,"(0, 1)",forest,"(48.0, 161.0, 56.0)"
30,"(0, 2)",forest,"(48.0, 150.0, 52.0)"
30,"(0, 3)",forest,"(50.0, 123.0, 52.0)"
30,"(0, 4)",lake,"(106.0, 254.0, 174.0)"
30,"(1, 0)",forest,"(35.0, 168.0, 64.0)"
30,"(1, 1)",field,"(26.0, 241.0, 193.0)"
30,"(1, 2)",forest,"(42.0, 133.0, 69.0)"
30,"(1, 3)",forest,"(52.0, 129.0, 53.0)"
30,"(1, 4)",lake,"(106.0, 255.0, 178.0)"
30,"(2, 0)",mine,"(25.0, 67.0, 45.0)"
30,"(2, 1)",field,"(26.0, 235.0, 196.0)"
30,"(2, 2)",home,"(29.0, 140.0, 90.0)"
30,"(2, 3)",forest,"(51.0, 106.0, 53.0)"
30,"(2, 4)",lake,"(105.0, 240.0, 144.0)"
30,"(3, 0)",field,"(26.0, 230.0, 199.0)"
30,"(3, 1)",field,"(26.0, 238.0, 199.0)"
30,"(3, 2)",forest,"(37.0, 162.0, 68.0)"
30,"(3, 3)",forest,"(48.0, 143.0, 57.0)"
30,"(3, 4)",lake,"(105.0, 250.0, 172.0)"
30,"(4, 0)",lake,"(105.0, 239.0, 150.0)"
30,"(4, 1)",lake,"(105.0, 252.0, 189.0)"
30,"(4, 2)",lake,"(105.0, 254.0, 188.0)"
30,"(4, 3)",lake,"(105.0, 254.0, 187.0)"
30,"(4, 4)",lake,"(106.0, 252.0, 178.0)"
31,"(0, 0)",grassland,"(43.0, 210.0, 158.0)"
31,"(0, 1)",grassland,"(44.0, 207.0, 152.0)"
31,"(0, 2)",field,"(26.0, 241.0, 192.0)"
31,"(0, 3)",field,"(26.0, 243.0, 189.0)"
31,"(0, 4)",field,"(26.0, 240.0, 188.0)"
31,"(1, 0)",lake,"(106.0, 244.0, 144.0)"
31,"(1, 1)",grassland,"(40.0, 219.0, 129.0)"
31,"(1, 2)",grassland,"(39.0, 205.0, 126.0)"
31,"(1, 3)",field,"(26.0, 247.0, 192.0)"
31,"(1, 4)",forest,"(45.0, 151.0, 56.0)"
31,"(2, 0)",lake,"(105.0, 252.0, 178.0)"
31,"(2, 1)",grassland,"(38.0, 215.0, 139.0)"
31,"(2, 2)",home,"(24.0, 118.0, 83.0)"
31,"(2, 3)",field,"(26.0, 241.0, 191.0)"
31,"(2, 4)",forest,"(36.0, 151.0, 60.0)"
31,"(3, 0)",grassland,"(39.0, 222.0, 143.0)"
31,"(3, 1)",grassland,"(43.0, 210.0, 161.0)"
31,"(3, 2)",field,"(26.0, 230.0, 195.0)"
31,"(3, 3)",field,"(26.0, 237.0, 184.0)"
31,"(3, 4)",forest,"(42.0, 139.5, 58.0)"
31,"(4, 0)",field,"(26.0, 241.0, 200.0)"
31,"(4, 1)",grassland,"(45.0, 208.0, 157.0)"
31,"(4, 2)",forest,"(39.0, 116.0, 70.0)"
31,"(4, 3)",forest,"(43.0, 121.0, 64.0)"
31,"(4, 4)",forest,"(48.0, 107.0, 67.0)"
32,"(0, 0)",mine,"(22.0, 93.0, 53.0)"
32,"(0, 1)",mine,"(24.0, 89.0, 52.0)"
32,"(0, 2)",field,"(26.0, 236.0, 203.0)"
32,"(0, 3)",field,"(26.0, 233.0, 199.0)"
32,"(0, 4)",swamp,"(23.0, 103.0, 140.0)"
32,"(1, 0)",swamp,"(22.0, 132.0, 133.0)"
32,"(1, 1)",swamp,"(23.0, 134.0, 124.0)"
32,"(1, 2)",grassland,"(42.0, 225.0, 159.0)"
32,"(1, 3)",grassland,"(41.0, 214.0, 155.0)"
32,"(1, 4)",forest,"(43.0, 159.0, 62.0)"
32,"(2, 0)",swamp,"(22.0, 152.0, 133.0)"
32,"(2, 1)",swamp,"(25.0, 109.0, 137.0)"
32,"(2, 2)",swamp,"(23.0, 117.0, 124.0)"
32,"(2, 3)",grassland,"(41.0, 206.0, 161.0)"
32,"(2, 4)",home,"(35.0, 57.0, 87.0)"
32,"(3, 0)",swamp,"(22.0, 146.0, 125.0)"
32,"(3, 1)",swamp,"(23.0, 130.0, 122.0)"
32,"(3, 2)",swamp,"(26.0, 63.0, 142.0)"
32,"(3, 3)",grassland,"(44.0, 194.0, 155.0)"
32,"(3, 4)",grassland,"(42.0, 209.0, 154.0)"
32,"(4, 0)",field,"(26.0, 245.0, 200.0)"
32,"(4, 1)",field,"(26.0, 240.0, 199.0)"
32,"(4, 2)",field,"(26.0, 228.0, 198.0)"
32,"(4, 3)",field,"(26.0, 230.0, 197.0)"
32,"(4, 4)",field,"(25.0, 233.0, 186.0)"
33,"(0, 0)",grassland,"(35.0, 203.0, 95.0)"
33,"(0, 1)",field,"(26.0, 250.0, 159.0)"
33,"(0, 2)",lake,"(108.0, 248.0, 116.0)"
33,"(0, 3)",lake,"(108.0, 253.0, 146.0)"
33,"(0, 4)",lake,"(108.0, 245.0, 118.0)"
33,"(1, 0)",field,"(26.0, 253.0, 159.0)"
33,"(1, 1)",field,"(25.0, 246.0, 151.0)"
33,"(1, 2)",swamp,"(22.0, 70.0, 95.0)"
33,"(1, 3)",field,"(25.0, 247.0, 167.0)"
33,"(1, 4)",forest,"(50.0, 101.0, 42.0)"
33,"(2, 0)",lake,"(108.0, 248.0, 116.0)"
33,"(2, 1)",field,"(26.0, 247.0, 163.0)"
33,"(2, 2)",home,"(29.0, 80.0, 103.0)"
33,"(2, 3)",forest,"(48.0, 120.0, 37.0)"
33,"(2, 4)",forest,"(50.0, 122.0, 39.0)"
33,"(3, 0)",lake,"(108.0, 252.0, 139.0)"
33,"(3, 1)",forest,"(46.0, 167.0, 36.0)"
33,"(3, 2)",forest,"(48.0, 150.0, 38.0)"
33,"(3, 3)",forest,"(43.0, 143.0, 40.0)"
33,"(3, 4)",unknown,"(18.0, 168.0, 133.0)"
33,"(4, 0)",lake,"(108.0, 252.0, 146.0)"
33,"(4, 1)",forest,"(45.0, 168.0, 36.0)"
33,"(4, 2)",field,"(25.0, 254.0, 170.0)"
33,"(4, 3)",field,"(25.0, 254.0, 173.0)"
33,"(4, 4)",unknown,"(18.0, 182.0, 132.0)"
34,"(0, 0)",swamp,"(23.0, 104.0, 87.0)"
34,"(0, 1)",swamp,"(20.0, 157.0, 78.0)"
34,"(0, 2)",home,"(21.0, 41.0, 91.0)"
34,"(0, 3)",grassland,"(46.0, 238.0, 106.0)"
34,"(0, 4)",grassland,"(44.0, 218.0, 112.0)"
34,"(1, 0)",swamp,"(21.0, 119.0, 73.0)"
34,"(1, 1)",field,"(25.0, 255.0, 163.0)"
34,"(1, 2)",field,"(25.0, 250.0, 162.0)"
34,"(1, 3)",grassland,"(45.0, 201.0, 107.0)"
34,"(1, 4)",grassland,"(40.0, 214.0, 92.0)"
34,"(2, 0)",swamp,"(22.0, 103.0, 85.0)"
34,"(2, 1)",mine,"(24.0, 64.0, 32.0)"
34,"(2, 2)",field,"(26.0, 252.0, 166.0)"
34,"(2, 3)",field,"(25.0, 250.0, 163.0)"
34,"(2, 4)",field,"(25.0, 250.0, 165.0)"
34,"(3, 0)",swamp,"(22.0, 118.0, 80.0)"
34,"(3, 1)",grassland,"(43.0, 231.0, 113.0)"
34,"(3, 2)",field,"(25.0, 243.0, 167.0)"
34,"(3, 3)",forest,"(42.0, 89.0, 44.0)"
34,"(3, 4)",field,"(25.0, 245.0, 156.0)"
34,"(4, 0)",forest,"(47.0, 136.0, 40.0)"
34,"(4, 1)",grassland,"(42.0, 220.0, 111.0)"
34,"(4, 2)",field,"(25.0, 247.0, 169.0)"
34,"(4, 3)",mine,"(24.0, 40.0, 29.5)"
34,"(4, 4)",lake,"(108.0, 252.0, 140.0)"
35,"(0, 0)",swamp,"(20.0, 78.0, 80.0)"
35,"(0, 1)",field,"(25.0, 241.0, 166.0)"
35,"(0, 2)",forest,"(60.0, 78.0, 37.0)"
35,"(0, 3)",forest,"(60.0, 83.0, 38.0)"
35,"(0, 4)",forest,"(57.0, 85.0, 37.0)"
35,"(1, 0)",swamp,"(21.0, 35.0, 104.0)"
35,"(1, 1)",forest,"(36.0, 97.0, 44.0)"
35,"(1, 2)",forest,"(49.0, 109.0, 38.0)"
35,"(1, 3)",lake,"(108.0, 250.0, 116.0)"
35,"(1, 4)",lake,"(108.0, 255.0, 153.0)"
35,"(2, 0)",field,"(25.0, 246.0, 172.0)"
35,"(2, 1)",field,"(25.0, 254.0, 171.0)"
35,"(2, 2)",home,"(30.0, 51.0, 100.0)"
35,"(2, 3)",lake,"(109.0, 253.0, 147.0)"
35,"(2, 4)",lake,"(109.0, 255.0, 151.0)"
35,"(3, 0)",field,"(25.0, 252.0, 174.0)"
35,"(3, 1)",field,"(25.0, 254.0, 172.0)"
35,"(3, 2)",field,"(25.0, 246.0, 160.0)"
35,"(3, 3)",lake,"(108.0, 255.0, 157.0)"
35,"(3, 4)",lake,"(109.0, 255.0, 153.0)"
35,"(4, 0)",mine,"(23.0, 92.0, 52.0)"
35,"(4, 1)",mine,"(22.0, 67.0, 24.0)"
35,"(4, 2)",mine,"(22.0, 44.0, 29.0)"
35,"(4, 3)",mine,"(24.0, 64.0, 30.0)"
35,"(4, 4)",swamp,"(21.0, 106.0, 91.0)"
36,"(0, 0)",field,"(25.0, 254.0, 181.0)"
36,"(0, 1)",forest,"(34.0, 167.0, 50.0)"
36,"(0, 2)",forest,"(40.0, 158.0, 44.0)"
36,"(0, 3)",forest,"(43.0, 161.0, 43.0)"
36,"(0, 4)",swamp,"(21.0, 120.0, 89.0)"
36,"(1, 0)",field,"(24.0, 249.0, 174.0)"
36,"(1, 1)",field,"(25.0, 251.0, 182.0)"
36,"(1, 2)",forest,"(44.0, 166.0, 47.0)"
36,"(1, 3)",home,"(30.0, 55.0, 103.0)"
36,"(1, 4)",grassland,"(40.0, 219.0, 130.0)"
36,"(2, 0)",grassland,"(40.0, 226.0, 129.0)"
36,"(2, 1)",field,"(25.0, 249.0, 177.0)"
36,"(2, 2)",forest,"(40.0, 168.0, 49.0)"
36,"(2, 3)",forest,"(36.0, 149.0, 50.0)"
36,"(2, 4)",grassland,"(43.0, 212.0, 133.0)"
36,"(3, 0)",lake,"(107.0, 254.0, 171.0)"
36,"(3, 1)",forest,"(34.0, 180.0, 57.0)"
36,"(3, 2)",forest,"(35.0, 170.0, 54.0)"
36,"(3, 3)",grassland,"(41.0, 221.0, 128.0)"
36,"(3, 4)",grassland,"(42.0, 226.0, 130.0)"
36,"(4, 0)",lake,"(107.0, 253.0, 168.0)"
36,"(4, 1)",field,"(25.0, 252.0, 174.0)"
36,"(4, 2)",lake,"(108.0, 253.0, 148.0)"
36,"(4, 3)",grassland,"(37.0, 222.0, 97.0)"
36,"(4, 4)",lake,"(108.0, 253.0, 137.0)"
37,"(0, 0)",grassland,"(35.0, 199.0, 93.0)"
37,"(0, 1)",field,"(26.0, 250.0, 160.0)"
37,"(0, 2)",lake,"(108.0, 244.0, 109.0)"
37,"(0, 3)",lake,"(108.0, 253.0, 139.0)"
37,"(0, 4)",lake,"(108.0, 241.0, 117.0)"
37,"(1, 0)",field,"(26.0, 255.0, 159.0)"
37,"(1, 1)",field,"(25.0, 246.0, 142.0)"
37,"(1, 2)",swamp,"(22.0, 88.0, 89.0)"
37,"(1, 3)",field,"(25.0, 250.0, 167.0)"
37,"(1, 4)",forest,"(50.0, 105.0, 41.0)"
37,"(2, 0)",lake,"(108.0, 247.0, 113.0)"
37,"(2, 1)",field,"(26.0, 249.0, 160.0)"
37,"(2, 2)",home,"(31.0, 149.0, 65.0)"
37,"(2, 3)",forest,"(45.0, 138.0, 36.0)"
37,"(2, 4)",forest,"(46.0, 144.0, 38.0)"
37,"(3, 0)",lake,"(108.0, 251.0, 136.0)"
37,"(3, 1)",forest,"(43.0, 170.0, 36.0)"
37,"(3, 2)",forest,"(46.0, 158.0, 38.0)"
37,"(3, 3)",forest,"(42.0, 156.0, 40.0)"
37,"(3, 4)",unknown,"(19.0, 187.0, 132.0)"
37,"(4, 0)",lake,"(108.0, 252.0, 142.0)"
37,"(4, 1)",forest,"(43.0, 178.0, 36.0)"
37,"(4, 2)",field,"(25.0, 255.0, 170.0)"
37,"(4, 3)",field,"(25.0, 254.0, 173.0)"
37,"(4, 4)",unknown,"(18.0, 200.0, 130.0)"
38,"(0, 0)",swamp,"(24.0, 102.5, 85.0)"
38,"(0, 1)",swamp,"(21.0, 164.0, 74.0)"
38,"(0, 2)",home,"(23.0, 112.0, 66.0)"
38,"(0, 3)",grassland,"(46.0, 228.0, 103.0)"
38,"(0, 4)",grassland,"(45.0, 203.0, 115.0)"
38,"(1, 0)",swamp,"(21.0, 130.0, 80.0)"
38,"(1, 1)",field,"(25.0, 255.0, 164.0)"
38,"(1, 2)",field,"(25.0, 252.0, 165.0)"
38,"(1, 3)",grassland,"(45.0, 195.0, 111.0)"
38,"(1, 4)",grassland,"(39.0, 200.0, 95.0)"
38,"(2, 0)",swamp,"(22.0, 109.0, 84.0)"
38,"(2, 1)",mine,"(24.0, 67.0, 41.0)"
38,"(2, 2)",field,"(25.0, 252.0, 167.0)"
38,"(2, 3)",field,"(25.0, 249.0, 164.0)"
38,"(2, 4)",field,"(25.0, 249.0, 167.0)"
38,"(3, 0)",swamp,"(22.0, 134.0, 80.0)"
38,"(3, 1)",grassland,"(43.0, 234.0, 114.0)"
38,"(3, 2)",field,"(25.0, 242.0, 168.0)"
38,"(3, 3)",forest,"(42.0, 83.0, 45.0)"
38,"(3, 4)",field,"(24.0, 240.0, 155.0)"
38,"(4, 0)",forest,"(45.0, 146.0, 40.0)"
38,"(4, 1)",grassland,"(41.0, 222.0, 112.0)"
38,"(4, 2)",field,"(25.0, 246.0, 171.0)"
38,"(4, 3)",mine,"(24.0, 49.0, 36.0)"
38,"(4, 4)",lake,"(108.0, 252.0, 142.0)"
39,"(0, 0)",swamp,"(21.0, 78.0, 80.0)"
39,"(0, 1)",field,"(25.0, 240.0, 168.0)"
39,"(0, 2)",forest,"(57.0, 83.0, 38.0)"
39,"(0, 3)",forest,"(57.0, 88.0, 40.0)"
39,"(0, 4)",forest,"(53.0, 96.0, 38.0)"
39,"(1, 0)",swamp,"(22.0, 38.0, 106.0)"
39,"(1, 1)",forest,"(34.0, 111.0, 45.0)"
39,"(1, 2)",forest,"(48.0, 123.0, 39.0)"
39,"(1, 3)",lake,"(108.0, 243.0, 108.0)"
39,"(1, 4)",lake,"(109.0, 255.0, 155.0)"
39,"(2, 0)",field,"(25.0, 245.0, 173.0)"
39,"(2, 1)",field,"(25.0, 253.0, 171.0)"
39,"(2, 2)",home,"(26.0, 84.0, 67.0)"
39,"(2, 3)",lake,"(109.0, 252.0, 138.0)"
39,"(2, 4)",lake,"(109.0, 255.0, 153.0)"
39,"(3, 0)",field,"(25.0, 252.0, 176.0)"
39,"(3, 1)",field,"(25.0, 254.0, 175.0)"
39,"(3, 2)",field,"(25.0, 248.0, 160.0)"
39,"(3, 3)",lake,"(108.0, 255.0, 160.0)"
39,"(3, 4)",lake,"(108.0, 255.0, 156.0)"
39,"(4, 0)",mine,"(22.0, 112.0, 70.0)"
39,"(4, 1)",mine,"(22.0, 69.0, 30.0)"
39,"(4, 2)",mine,"(23.0, 53.0, 32.0)"
39,"(4, 3)",mine,"(23.0, 71.0, 36.0)"
39,"(4, 4)",swamp,"(22.0, 99.0, 93.0)"
40,"(0, 0)",field,"(25.0, 252.0, 182.0)"
40,"(0, 1)",forest,"(34.0, 166.0, 52.0)"
40,"(0, 2)",forest,"(40.0, 155.0, 45.0)"
40,"(0, 3)",forest,"(43.0, 149.0, 44.0)"
40,"(0, 4)",swamp,"(21.0, 112.0, 95.0)"
40,"(1, 0)",field,"(24.0, 248.0, 172.0)"
40,"(1, 1)",field,"(25.0, 248.0, 183.0)"
40,"(1, 2)",forest,"(45.0, 153.0, 44.0)"
40,"(1, 3)",home,"(35.0, 63.0, 67.0)"
40,"(1, 4)",grassland,"(40.0, 208.0, 128.0)"
40,"(2, 0)",grassland,"(40.0, 228.0, 128.0)"
40,"(2, 1)",field,"(25.0, 251.0, 173.0)"
40,"(2, 2)",forest,"(40.0, 168.0, 47.0)"
40,"(2, 3)",forest,"(36.0, 156.0, 46.0)"
40,"(2, 4)",grassland,"(43.0, 216.0, 120.0)"
40,"(3, 0)",lake,"(108.0, 253.0, 138.0)"
40,"(3, 1)",forest,"(35.0, 172.0, 37.0)"
40,"(3, 2)",forest,"(36.0, 150.0, 34.0)"
40,"(3, 3)",grassland,"(44.0, 232.0, 87.0)"
40,"(3, 4)",grassland,"(45.0, 226.0, 94.0)"
40,"(4, 0)",lake,"(109.0, 253.0, 128.0)"
40,"(4, 1)",field,"(25.0, 253.0, 135.0)"
40,"(4, 2)",lake,"(109.0, 253.0, 124.0)"
40,"(4, 3)",grassland,"(39.0, 220.0, 74.0)"
40,"(4, 4)",lake,"(109.0, 253.0, 132.0)"
41,"(0, 0)",field,"(25.0, 251.0, 174.0)"
41,"(0, 1)",swamp,"(21.0, 76.0, 107.0)"
41,"(0, 2)",field,"(25.0, 244.0, 166.0)"
41,"(0, 3)",forest,"(43.0, 144.0, 44.0)"
41,"(0, 4)",lake,"(108.0, 248.0, 130.0)"
41,"(1, 0)",grassland,"(37.0, 206.0, 112.0)"
41,"(1, 1)",grassland,"(45.0, 195.0, 121.0)"
41,"(1, 2)",field,"(25.0, 243.0, 176.0)"
41,"(1, 3)",field,"(25.0, 246.0, 176.0)"
41,"(1, 4)",lake,"(108.0, 254.0, 156.0)"
41,"(2, 0)",forest,"(43.0, 158.0, 42.0)"
41,"(2, 1)",lake,"(107.0, 251.0, 151.0)"
41,"(2, 2)",lake,"(108.0, 253.0, 161.0)"
41,"(2, 3)",lake,"(108.0, 254.0, 168.0)"
41,"(2, 4)",lake,"(108.0, 255.0, 170.0)"
41,"(3, 0)",mine,"(23.0, 75.0, 35.0)"
41,"(3, 1)",swamp,"(21.0, 113.0, 95.0)"
41,"(3, 2)",field,"(25.0, 252.0, 179.0)"
41,"(3, 3)",forest,"(36.0, 150.0, 48.0)"
41,"(3, 4)",lake,"(107.0, 254.0, 172.0)"
41,"(4, 0)",mine,"(23.0, 96.0, 54.0)"
41,"(4, 1)",field,"(25.0, 252.0, 180.0)"
41,"(4, 2)",field,"(25.0, 251.0, 181.0)"
41,"(4, 3)",forest,"(45.0, 162.0, 46.0)"
41,"(4, 4)",home,"(26.0, 85.0, 121.0)"
42,"(0, 0)",field,"(24.0, 234.0, 158.0)"
42,"(0, 1)",lake,"(108.0, 251.0, 144.0)"
42,"(0, 2)",lake,"(109.0, 253.0, 162.0)"
42,"(0, 3)",forest,"(52.0, 102.0, 36.0)"
42,"(0, 4)",forest,"(48.0, 105.0, 35.0)"
42,"(1, 0)",field,"(25.0, 240.0, 172.0)"
42,"(1, 1)",field,"(25.0, 240.0, 170.0)"
42,"(1, 2)",forest,"(40.0, 77.0, 44.0)"
42,"(1, 3)",forest,"(58.0, 83.0, 36.0)"
42,"(1, 4)",forest,"(56.0, 85.0, 35.0)"
42,"(2, 0)",field,"(25.0, 248.0, 172.0)"
42,"(2, 1)",lake,"(108.0, 245.0, 130.0)"
42,"(2, 2)",forest,"(51.0, 97.0, 39.0)"
42,"(2, 3)",forest,"(50.0, 108.0, 34.0)"
42,"(2, 4)",swamp,"(21.0, 80.0, 82.0)"
42,"(3, 0)",field,"(25.0, 252.0, 174.0)"
42,"(3, 1)",lake,"(108.0, 249.0, 128.0)"
42,"(3, 2)",lake,"(109.0, 253.0, 162.0)"
42,"(3, 3)",forest,"(37.0, 137.0, 39.0)"
42,"(3, 4)",mine,"(23.0, 64.0, 31.0)"
42,"(4, 0)",field,"(25.0, 251.0, 176.0)"
42,"(4, 1)",field,"(25.0, 249.0, 174.0)"
42,"(4, 2)",field,"(25.0, 246.0, 170.0)"
42,"(4, 3)",forest,"(40.0, 113.0, 41.0)"
42,"(4, 4)",home,"(87.0, 41.0, 92.0)"
43,"(0, 0)",forest,"(33.0, 161.0, 53.0)"
43,"(0, 1)",forest,"(43.0, 162.0, 45.0)"
43,"(0, 2)",forest,"(41.0, 151.0, 45.0)"
43,"(0, 3)",field,"(25.0, 248.0, 173.0)"
43,"(0, 4)",field,"(25.0, 239.0, 170.0)"
43,"(1, 0)",grassland,"(41.0, 215.0, 129.0)"
43,"(1, 1)",grassland,"(40.0, 224.0, 125.0)"
43,"(1, 2)",grassland,"(41.0, 218.0, 129.0)"
43,"(1, 3)",field,"(25.0, 245.0, 168.0)"
43,"(1, 4)",mine,"(23.0, 41.0, 31.0)"
43,"(2, 0)",lake,"(108.0, 243.0, 134.0)"
43,"(2, 1)",grassland,"(38.0, 220.0, 110.0)"
43,"(2, 2)",home,"(32.0, 45.0, 103.0)"
43,"(2, 3)",field,"(25.0, 243.0, 170.0)"
43,"(2, 4)",mine,"(23.0, 43.0, 29.0)"
43,"(3, 0)",swamp,"(20.0, 130.0, 74.0)"
43,"(3, 1)",grassland,"(42.0, 243.0, 109.0)"
43,"(3, 2)",grassland,"(40.0, 239.0, 92.5)"
43,"(3, 3)",field,"(25.0, 255.0, 153.0)"
43,"(3, 4)",grassland,"(44.0, 213.0, 106.0)"
43,"(4, 0)",lake,"(109.0, 253.0, 124.0)"
43,"(4, 1)",grassland,"(39.0, 225.0, 73.0)"
43,"(4, 2)",grassland,"(45.0, 224.0, 86.0)"
43,"(4, 3)",grassland,"(46.0, 193.0, 87.0)"
43,"(4, 4)",grassland,"(48.0, 183.0, 86.0)"
44,"(0, 0)",field,"(26.0, 251.0, 172.0)"
44,"(0, 1)",swamp,"(21.0, 74.0, 104.0)"
44,"(0, 2)",field,"(25.0, 245.0, 167.0)"
44,"(0, 3)",forest,"(45.0, 141.0, 44.0)"
44,"(0, 4)",lake,"(108.0, 249.0, 131.0)"
44,"(1, 0)",grassland,"(37.0, 207.0, 110.0)"
44,"(1, 1)",grassland,"(45.0, 195.0, 119.0)"
44,"(1, 2)",field,"(25.0, 242.0, 175.0)"
44,"(1, 3)",field,"(25.0, 246.0, 176.0)"
44,"(1, 4)",lake,"(108.0, 254.0, 156.0)"
44,"(2, 0)",forest,"(43.0, 155.0, 40.0)"
44,"(2, 1)",lake,"(107.0, 251.0, 150.0)"
44,"(2, 2)",lake,"(108.0, 253.0, 161.0)"
44,"(2, 3)",lake,"(108.0, 255.0, 168.0)"
44,"(2, 4)",lake,"(108.0, 255.0, 170.0)"
44,"(3, 0)",mine,"(23.0, 77.0, 33.0)"
44,"(3, 1)",swamp,"(21.0, 116.0, 95.0)"
44,"(3, 2)",field,"(25.0, 252.0, 177.0)"
44,"(3, 3)",forest,"(37.0, 151.0, 47.0)"
44,"(3, 4)",lake,"(107.0, 252.0, 167.0)"
44,"(4, 0)",mine,"(23.0, 92.0, 51.0)"
44,"(4, 1)",field,"(25.0, 252.0, 178.0)"
44,"(4, 2)",field,"(25.0, 251.0, 179.0)"
44,"(4, 3)",forest,"(45.0, 160.0, 42.0)"
44,"(4, 4)",home,"(25.0, 110.0, 79.0)"
45,"(0, 0)",forest,"(48.0, 178.0, 36.0)"
45,"(0, 1)",field,"(25.0, 253.0, 164.0)"
45,"(0, 2)",swamp,"(21.0, 125.0, 79.0)"
45,"(0, 3)",field,"(25.0, 255.0, 166.0)"
45,"(0, 4)",grassland,"(41.0, 213.0, 114.0)"
45,"(1, 0)",forest,"(51.0, 157.0, 44.0)"
45,"(1, 1)",field,"(25.0, 250.0, 165.0)"
45,"(1, 2)",swamp,"(23.0, 39.0, 98.0)"
45,"(1, 3)",swamp,"(21.0, 111.0, 78.0)"
45,"(1, 4)",swamp,"(21.0, 80.0, 80.0)"
45,"(2, 0)",home,"(98.0, 99.0, 82.0)"
45,"(2, 1)",field,"(25.0, 253.0, 165.0)"
45,"(2, 2)",mine,"(24.0, 64.0, 35.0)"
45,"(2, 3)",swamp,"(20.0, 111.0, 84.0)"
45,"(2, 4)",swamp,"(23.0, 56.0, 95.0)"
45,"(3, 0)",forest,"(43.0, 124.0, 42.0)"
45,"(3, 1)",field,"(25.0, 250.0, 171.0)"
45,"(3, 2)",field,"(25.0, 239.0, 170.0)"
45,"(3, 3)",lake,"(108.0, 246.0, 127.0)"
45,"(3, 4)",lake,"(108.0, 255.0, 170.0)"
45,"(4, 0)",forest,"(50.0, 123.0, 44.0)"
45,"(4, 1)",forest,"(39.0, 121.0, 47.0)"
45,"(4, 2)",forest,"(50.0, 108.0, 41.0)"
45,"(4, 3)",lake,"(108.0, 251.0, 157.0)"
45,"(4, 4)",lake,"(108.0, 255.0, 172.0)"
46,"(0, 0)",field,"(25.0, 232.0, 160.0)"
46,"(0, 1)",lake,"(108.0, 251.0, 151.0)"
46,"(0, 2)",lake,"(109.0, 253.0, 162.0)"
46,"(0, 3)",forest,"(51.0, 122.0, 37.0)"
46,"(0, 4)",forest,"(46.0, 122.0, 36.0)"
46,"(1, 0)",field,"(25.0, 236.0, 172.0)"
46,"(1, 1)",field,"(25.0, 234.0, 171.0)"
46,"(1, 2)",forest,"(40.0, 74.0, 47.0)"
46,"(1, 3)",forest,"(60.0, 80.0, 38.0)"
46,"(1, 4)",forest,"(58.0, 83.0, 37.0)"
46,"(2, 0)",field,"(25.0, 242.0, 172.0)"
46,"(2, 1)",lake,"(108.0, 241.0, 131.0)"
46,"(2, 2)",forest,"(58.0, 88.0, 42.0)"
46,"(2, 3)",forest,"(52.0, 94.0, 37.0)"
46,"(2, 4)",swamp,"(22.0, 75.5, 82.0)"
46,"(3, 0)",field,"(25.0, 252.0, 175.0)"
46,"(3, 1)",lake,"(108.0, 248.0, 132.0)"
46,"(3, 2)",lake,"(108.0, 254.0, 164.0)"
46,"(3, 3)",forest,"(38.0, 136.0, 42.0)"
46,"(3, 4)",mine,"(24.0, 81.0, 37.0)"
46,"(4, 0)",field,"(25.0, 251.0, 177.0)"
46,"(4, 1)",field,"(25.0, 248.0, 175.0)"
46,"(4, 2)",field,"(25.0, 244.0, 171.0)"
46,"(4, 3)",forest,"(37.5, 115.0, 43.0)"
46,"(4, 4)",home,"(33.0, 79.0, 59.0)"
47,"(0, 0)",forest,"(35.0, 153.0, 52.0)"
47,"(0, 1)",forest,"(43.0, 157.0, 44.0)"
47,"(0, 2)",forest,"(42.0, 149.0, 44.0)"
47,"(0, 3)",field,"(25.0, 248.0, 171.0)"
47,"(0, 4)",field,"(25.0, 240.0, 168.0)"
47,"(1, 0)",grassland,"(41.0, 215.0, 129.0)"
47,"(1, 1)",grassland,"(40.0, 226.0, 122.0)"
47,"(1, 2)",grassland,"(42.0, 225.0, 123.0)"
47,"(1, 3)",field,"(25.0, 248.0, 161.0)"
47,"(1, 4)",mine,"(22.0, 39.0, 28.0)"
47,"(2, 0)",lake,"(108.0, 244.0, 133.0)"
47,"(2, 1)",grassland,"(39.0, 217.0, 102.0)"
47,"(2, 2)",home,"(32.0, 70.0, 53.0)"
47,"(2, 3)",field,"(25.0, 244.0, 154.0)"
47,"(2, 4)",mine,"(25.0, 45.0, 26.0)"
47,"(3, 0)",swamp,"(20.0, 128.0, 91.0)"
47,"(3, 1)",grassland,"(42.0, 241.0, 118.0)"
47,"(3, 2)",grassland,"(39.0, 240.0, 100.0)"
47,"(3, 3)",field,"(25.0, 253.0, 162.0)"
47,"(3, 4)",grassland,"(44.0, 208.0, 110.0)"
47,"(4, 0)",lake,"(109.0, 253.0, 138.0)"
47,"(4, 1)",grassland,"(38.0, 219.0, 83.0)"
47,"(4, 2)",grassland,"(44.0, 221.0, 98.0)"
47,"(4, 3)",grassland,"(46.0, 192.0, 97.0)"
47,"(4, 4)",grassland,"(48.0, 179.0, 94.0)"
48,"(0, 0)",lake,"(108.0, 253.0, 135.0)"
48,"(0, 1)",swamp,"(21.0, 101.0, 83.0)"
48,"(0, 2)",field,"(25.0, 254.0, 170.0)"
48,"(0, 3)",forest,"(48.0, 119.0, 39.0)"
48,"(0, 4)",forest,"(50.0, 119.0, 40.0)"
48,"(1, 0)",field,"(25.0, 249.0, 159.0)"
48,"(1, 1)",field,"(25.0, 252.0, 168.0)"
48,"(1, 2)",field,"(25.0, 254.0, 171.0)"
48,"(1, 3)",field,"(25.0, 253.0, 173.0)"
48,"(1, 4)",forest,"(36.0, 151.0, 45.0)"
48,"(2, 0)",field,"(25.0, 249.0, 160.0)"
48,"(2, 1)",field,"(25.0, 252.0, 170.0)"
48,"(2, 2)",home,"(26.0, 88.0, 114.0)"
48,"(2, 3)",field,"(25.0, 248.0, 174.0)"
48,"(2, 4)",grassland,"(38.0, 134.0, 47.0)"
48,"(3, 0)",swamp,"(21.0, 82.0, 98.0)"
48,"(3, 1)",mine,"(23.0, 51.0, 26.0)"
48,"(3, 2)",mine,"(23.0, 70.0, 30.0)"
48,"(3, 3)",field,"(25.0, 254.0, 176.0)"
48,"(3, 4)",field,"(25.0, 246.0, 176.0)"
48,"(4, 0)",swamp,"(20.0, 138.0, 89.0)"
48,"(4, 1)",swamp,"(22.0, 92.0, 100.0)"
48,"(4, 2)",swamp,"(21.0, 111.0, 94.0)"
48,"(4, 3)",swamp,"(20.0, 123.0, 90.0)"
48,"(4, 4)",swamp,"(21.0, 52.0, 115.0)"
49,"(0, 0)",field,"(25.0, 253.0, 160.0)"
49,"(0, 1)",lake,"(109.0, 253.0, 135.0)"
49,"(0, 2)",lake,"(109.0, 250.0, 109.0)"
49,"(0, 3)",forest,"(46.0, 155.0, 35.0)"
49,"(0, 4)",forest,"(56.0, 93.0, 40.0)"
49,"(1, 0)",field,"(25.0, 253.0, 163.0)"
49,"(1, 1)",forest,"(51.0, 123.0, 37.0)"
49,"(1, 2)",mine,"(24.0, 75.0, 42.0)"
49,"(1, 3)",field,"(25.0, 246.0, 164.0)"
49,"(1, 4)",lake,"(108.0, 254.0, 163.0)"
49,"(2, 0)",swamp,"(21.0, 98.0, 81.0)"
49,"(2, 1)",grassland,"(42.0, 208.0, 116.0)"
49,"(2, 2)",home,"(23.0, 28.0, 96.0)"
49,"(2, 3)",lake,"(108.0, 253.0, 156.0)"
49,"(2, 4)",lake,"(108.0, 255.0, 165.0)"
49,"(3, 0)",grassland,"(37.0, 212.0, 101.0)"
49,"(3, 1)",grassland,"(42.0, 214.0, 110.0)"
49,"(3, 2)",forest,"(52.0, 93.0, 37.0)"
49,"(3, 3)",lake,"(108.0, 251.0, 153.0)"
49,"(3, 4)",lake,"(108.0, 249.0, 148.0)"
49,"(4, 0)",field,"(25.0, 254.0, 171.0)"
49,"(4, 1)",field,"(25.0, 249.0, 171.0)"
49,"(4, 2)",forest,"(38.0, 106.0, 45.0)"
49,"(4, 3)",forest,"(53.0, 94.0, 40.0)"
49,"(4, 4)",forest,"(56.0, 88.0, 41.0)"
50,"(0, 0)",forest,"(48.0, 135.0, 40.0)"
50,"(0, 1)",forest,"(43.0, 134.0, 36.0)"
50,"(0, 2)",forest,"(37.0, 135.0, 39.0)"
50,"(0, 3)",field,"(25.0, 253.0, 162.0)"
50,"(0, 4)",grassland,"(45.0, 227.0, 102.0)"
50,"(1, 0)",forest,"(48.0, 150.0, 42.0)"
50,"(1, 1)",forest,"(37.0, 146.0, 43.0)"
50,"(1, 2)",forest,"(42.0, 132.0, 37.0)"
50,"(1, 3)",field,"(25.0, 252.0, 154.0)"
50,"(1, 4)",grassland,"(43.0, 223.0, 110.0)"
50,"(2, 0)",forest,"(48.0, 138.0, 41.0)"
50,"(2, 1)",lake,"(108.0, 253.0, 164.5)"
50,"(2, 2)",home,"(50.0, 46.0, 100.0)"
50,"(2, 3)",field,"(25.0, 250.0, 165.0)"
50,"(2, 4)",grassland,"(44.0, 204.0, 103.0)"
50,"(3, 0)",lake,"(108.0, 254.0, 166.0)"
50,"(3, 1)",lake,"(108.0, 248.0, 126.0)"
50,"(3, 2)",field,"(25.0, 246.0, 169.0)"
50,"(3, 3)",field,"(24.0, 247.0, 156.0)"
50,"(3, 4)",mine,"(22.0, 51.0, 28.0)"
50,"(4, 0)",lake,"(108.0, 253.0, 162.0)"
50,"(4, 1)",lake,"(108.0, 255.0, 156.0)"
50,"(4, 2)",lake,"(109.0, 253.0, 152.0)"
50,"(4, 3)",swamp,"(21.0, 81.0, 80.0)"
50,"(4, 4)",mine,"(23.0, 38.0, 35.0)"
51,"(0, 0)",grassland,"(37.0, 225.0, 108.0)"
51,"(0, 1)",grassland,"(41.0, 218.0, 127.0)"
51,"(0, 2)",lake,"(107.0, 245.0, 134.0)"
51,"(0, 3)",lake,"(108.0, 248.0, 132.0)"
51,"(0, 4)",field,"(25.0, 248.0, 179.0)"
51,"(1, 0)",lake,"(108.0, 249.0, 134.0)"
51,"(1, 1)",forest,"(35.0, 151.0, 51.0)"
51,"(1, 2)",forest,"(48.0, 119.0, 47.0)"
51,"(1, 3)",mine,"(25.0, 76.0, 30.0)"
51,"(1, 4)",field,"(25.0, 252.0, 174.0)"
51,"(2, 0)",forest,"(44.0, 156.0, 47.0)"
51,"(2, 1)",forest,"(43.0, 149.0, 47.0)"
51,"(2, 2)",home,"(30.0, 51.0, 102.0)"
51,"(2, 3)",grassland,"(42.0, 220.0, 122.0)"
51,"(2, 4)",field,"(25.0, 246.0, 161.0)"
51,"(3, 0)",field,"(25.0, 254.0, 178.0)"
51,"(3, 1)",swamp,"(20.0, 139.0, 79.0)"
51,"(3, 2)",lake,"(108.0, 253.0, 149.0)"
51,"(3, 3)",grassland,"(43.0, 234.0, 112.0)"
51,"(3, 4)",field,"(25.0, 253.0, 152.0)"
51,"(4, 0)",grassland,"(39.0, 248.0, 82.0)"
51,"(4, 1)",grassland,"(43.0, 248.0, 84.0)"
51,"(4, 2)",grassland,"(39.0, 222.0, 75.0)"
51,"(4, 3)",grassland,"(45.0, 223.0, 85.0)"
51,"(4, 4)",field,"(25.0, 255.0, 137.0)"
52,"(0, 0)",lake,"(108.0, 252.0, 154.0)"
52,"(0, 1)",swamp,"(23.0, 55.0, 88.0)"
52,"(0, 2)",field,"(26.0, 235.0, 169.0)"
52,"(0, 3)",forest,"(57.0, 90.0, 45.0)"
52,"(0, 4)",forest,"(58.0, 95.0, 45.0)"
52,"(1, 0)",field,"(26.0, 221.0, 158.0)"
52,"(1, 1)",field,"(26.0, 227.0, 167.0)"
52,"(1, 2)",field,"(27.0, 230.0, 169.0)"
52,"(1, 3)",field,"(26.0, 236.0, 171.0)"
52,"(1, 4)",forest,"(43.0, 98.0, 50.0)"
52,"(2, 0)",field,"(26.0, 225.0, 159.0)"
52,"(2, 1)",field,"(26.0, 234.0, 166.0)"
52,"(2, 2)",home,"(30.0, 123.0, 71.0)"
52,"(2, 3)",field,"(26.0, 232.0, 170.0)"
52,"(2, 4)",forest,"(46.0, 94.0, 51.0)"
52,"(3, 0)",swamp,"(22.0, 41.0, 100.0)"
52,"(3, 1)",mine,"(30.0, 34.0, 28.0)"
52,"(3, 2)",mine,"(25.0, 55.0, 31.0)"
52,"(3, 3)",field,"(26.0, 242.0, 175.0)"
52,"(3, 4)",field,"(26.0, 229.0, 175.0)"
52,"(4, 0)",swamp,"(21.0, 100.0, 90.0)"
52,"(4, 1)",swamp,"(25.0, 55.0, 102.0)"
52,"(4, 2)",swamp,"(22.0, 76.0, 95.0)"
52,"(4, 3)",swamp,"(22.0, 83.0, 89.0)"
52,"(4, 4)",swamp,"(24.0, 23.0, 116.0)"
53,"(0, 0)",field,"(26.0, 244.0, 161.0)"
53,"(0, 1)",lake,"(109.0, 254.0, 155.0)"
53,"(0, 2)",lake,"(109.0, 251.0, 123.0)"
53,"(0, 3)",forest,"(58.0, 108.0, 41.0)"
53,"(0, 4)",forest,"(74.0, 80.0, 48.0)"
53,"(1, 0)",field,"(26.0, 243.0, 163.0)"
53,"(1, 1)",forest,"(57.0, 111.0, 39.0)"
53,"(1, 2)",mine,"(105.0, 96.0, 52.0)"
53,"(1, 3)",field,"(26.0, 219.0, 164.0)"
53,"(1, 4)",lake,"(108.0, 254.0, 187.0)"
53,"(2, 0)",swamp,"(23.0, 53.0, 83.0)"
53,"(2, 1)",grassland,"(46.0, 173.0, 122.0)"
53,"(2, 2)",home,"(35.0, 115.0, 63.0)"
53,"(2, 3)",lake,"(108.0, 253.0, 170.0)"
53,"(2, 4)",lake,"(108.0, 254.0, 188.0)"
53,"(3, 0)",grassland,"(41.0, 169.0, 108.0)"
53,"(3, 1)",grassland,"(47.0, 172.0, 118.0)"
53,"(3, 2)",forest,"(62.0, 83.0, 43.0)"
53,"(3, 3)",lake,"(107.0, 247.0, 172.0)"
53,"(3, 4)",lake,"(107.0, 246.0, 167.0)"
53,"(4, 0)",field,"(26.0, 235.0, 170.0)"
53,"(4, 1)",field,"(26.0, 227.0, 170.0)"
53,"(4, 2)",forest,"(50.0, 68.0, 52.0)"
53,"(4, 3)",forest,"(72.0, 83.0, 49.0)"
53,"(4, 4)",forest,"(77.0, 85.0, 53.0)"
54,"(0, 0)",forest,"(66.0, 87.0, 51.0)"
54,"(0, 1)",forest,"(62.0, 82.0, 46.0)"
54,"(0, 2)",forest,"(56.0, 65.0, 48.0)"
54,"(0, 3)",field,"(26.0, 223.0, 164.0)"
54,"(0, 4)",grassland,"(51.0, 156.0, 113.0)"
54,"(1, 0)",forest,"(56.0, 107.0, 47.0)"
54,"(1, 1)",forest,"(46.0, 99.0, 45.0)"
54,"(1, 2)",forest,"(56.0, 91.0, 43.0)"
54,"(1, 3)",field,"(26.0, 231.0, 145.0)"
54,"(1, 4)",grassland,"(47.0, 190.0, 120.0)"
54,"(2, 0)",forest,"(55.0, 104.0, 45.0)"
54,"(2, 1)",lake,"(108.0, 254.0, 179.0)"
54,"(2, 2)",home,"(38.0, 80.5, 70.0)"
54,"(2, 3)",field,"(26.0, 232.0, 163.0)"
54,"(2, 4)",grassland,"(48.0, 169.0, 112.0)"
54,"(3, 0)",lake,"(108.0, 254.0, 185.0)"
54,"(3, 1)",lake,"(108.0, 247.0, 137.0)"
54,"(3, 2)",field,"(26.0, 230.0, 169.0)"
54,"(3, 3)",field,"(25.0, 228.0, 158.0)"
54,"(3, 4)",mine,"(29.0, 44.0, 31.0)"
54,"(4, 0)",lake,"(107.0, 254.0, 188.0)"
54,"(4, 1)",lake,"(108.0, 255.0, 184.0)"
54,"(4, 2)",lake,"(108.0, 254.0, 182.0)"
54,"(4, 3)",swamp,"(22.0, 62.0, 94.0)"
54,"(4, 4)",mine,"(26.0, 42.0, 35.0)"
55,"(0, 0)",grassland,"(41.0, 197.0, 113.0)"
55,"(0, 1)",grassland,"(45.0, 192.0, 133.0)"
55,"(0, 2)",lake,"(107.0, 246.0, 147.0)"
55,"(0, 3)",lake,"(108.0, 249.0, 144.0)"
55,"(0, 4)",field,"(26.0, 231.0, 179.0)"
55,"(1, 0)",lake,"(108.0, 250.0, 150.0)"
55,"(1, 1)",forest,"(39.0, 120.0, 52.0)"
55,"(1, 2)",forest,"(55.0, 95.0, 54.0)"
55,"(1, 3)",mine,"(27.0, 61.0, 32.0)"
55,"(1, 4)",field,"(26.0, 240.0, 181.0)"
55,"(2, 0)",forest,"(50.0, 132.0, 49.0)"
55,"(2, 1)",forest,"(48.0, 124.0, 44.0)"
55,"(2, 2)",home,"(38.0, 54.0, 71.0)"
55,"(2, 3)",grassland,"(44.0, 195.0, 134.0)"
55,"(2, 4)",field,"(25.0, 227.0, 173.0)"
55,"(3, 0)",field,"(26.0, 245.0, 186.0)"
55,"(3, 1)",swamp,"(21.0, 108.0, 95.0)"
55,"(3, 2)",lake,"(107.0, 254.0, 181.0)"
55,"(3, 3)",grassland,"(46.0, 195.0, 139.0)"
55,"(3, 4)",field,"(26.0, 233.0, 174.0)"
55,"(4, 0)",grassland,"(39.0, 217.0, 125.0)"
55,"(4, 1)",grassland,"(43.0, 219.0, 133.0)"
55,"(4, 2)",grassland,"(39.0, 195.0, 120.0)"
55,"(4, 3)",grassland,"(46.0, 193.0, 131.0)"
55,"(4, 4)",field,"(26.0, 241.0, 169.0)"
56,"(0, 0)",mine,"(20.0, 123.0, 57.0)"
56,"(0, 1)",forest,"(40.0, 129.0, 35.0)"
56,"(0, 2)",lake,"(106.0, 245.0, 119.0)"
56,"(0, 3)",lake,"(107.0, 253.0, 151.0)"
56,"(0, 4)",lake,"(107.0, 253.0, 153.0)"
56,"(1, 0)",field,"(24.0, 254.0, 183.0)"
56,"(1, 1)",forest,"(36.0, 170.0, 41.0)"
56,"(1, 2)",lake,"(106.0, 250.0, 136.0)"
56,"(1, 3)",lake,"(106.0, 253.0, 153.0)"
56,"(1, 4)",lake,"(106.0, 255.0, 154.0)"
56,"(2, 0)",field,"(24.0, 254.0, 185.0)"
56,"(2, 1)",field,"(23.0, 250.0, 185.0)"
56,"(2, 2)",mine,"(21.0, 155.0, 71.0)"
56,"(2, 3)",lake,"(107.0, 253.0, 154.0)"
56,"(2, 4)",lake,"(107.0, 248.0, 124.0)"
56,"(3, 0)",swamp,"(19.0, 178.0, 93.0)"
56,"(3, 1)",swamp,"(19.0, 98.0, 120.0)"
56,"(3, 2)",swamp,"(19.0, 145.0, 101.0)"
56,"(3, 3)",forest,"(30.0, 193.0, 51.0)"
56,"(3, 4)",forest,"(35.0, 201.0, 42.0)"
56,"(4, 0)",swamp,"(19.0, 180.0, 104.0)"
56,"(4, 1)",swamp,"(20.0, 137.0, 114.0)"
56,"(4, 2)",home,"(17.0, 97.0, 121.0)"
56,"(4, 3)",field,"(23.0, 250.0, 191.0)"
56,"(4, 4)",forest,"(32.0, 159.0, 54.0)"
57,"(0, 0)",grassland,"(38.0, 248.0, 107.0)"
57,"(0, 1)",forest,"(31.0, 204.0, 39.0)"
57,"(0, 2)",grassland,"(40.0, 246.0, 104.0)"
57,"(0, 3)",grassland,"(38.0, 233.0, 114.0)"
57,"(0, 4)",lake,"(108.0, 253.0, 141.0)"
57,"(1, 0)",grassland,"(39.0, 246.0, 113.0)"
57,"(1, 1)",forest,"(37.0, 223.0, 33.0)"
57,"(1, 2)",grassland,"(35.0, 239.0, 98.0)"
57,"(1, 3)",field,"(23.0, 254.0, 177.0)"
57,"(1, 4)",forest,"(40.0, 157.0, 38.0)"
57,"(2, 0)",grassland,"(39.0, 236.0, 114.0)"
57,"(2, 1)",grassland,"(37.0, 244.0, 105.0)"
57,"(2, 2)",grassland,"(38.0, 237.0, 109.0)"
57,"(2, 3)",field,"(23.0, 246.0, 168.0)"
57,"(2, 4)",home,"(24.0, 48.0, 99.0)"
57,"(3, 0)",grassland,"(37.0, 229.0, 117.0)"
57,"(3, 1)",swamp,"(19.0, 155.0, 89.0)"
57,"(3, 2)",grassland,"(39.0, 199.0, 111.0)"
57,"(3, 3)",field,"(23.0, 241.0, 179.0)"
57,"(3, 4)",field,"(23.0, 245.0, 166.0)"
57,"(4, 0)",grassland,"(38.0, 241.0, 113.0)"
57,"(4, 1)",swamp,"(19.0, 155.0, 87.0)"
57,"(4, 2)",grassland,"(34.0, 195.0, 104.0)"
57,"(4, 3)",lake,"(106.0, 252.0, 150.0)"
57,"(4, 4)",lake,"(107.0, 249.0, 133.0)"
58,"(0, 0)",field,"(23.0, 246.0, 184.0)"
58,"(0, 1)",swamp,"(19.0, 115.0, 109.0)"
58,"(0, 2)",swamp,"(17.0, 123.0, 90.0)"
58,"(0, 3)",field,"(23.0, 252.0, 177.0)"
58,"(0, 4)",home,"(23.0, 122.0, 112.0)"
58,"(1, 0)",mine,"(20.0, 70.0, 37.0)"
58,"(1, 1)",mine,"(20.0, 91.0, 35.0)"
58,"(1, 2)",field,"(23.0, 254.0, 181.0)"
58,"(1, 3)",field,"(23.0, 255.0, 179.0)"
58,"(1, 4)",forest,"(29.0, 179.0, 43.0)"
58,"(2, 0)",mine,"(20.0, 70.0, 32.0)"
58,"(2, 1)",field,"(23.0, 248.0, 177.0)"
58,"(2, 2)",field,"(23.0, 254.0, 184.0)"
58,"(2, 3)",forest,"(38.0, 191.0, 41.0)"
58,"(2, 4)",forest,"(35.0, 176.0, 39.0)"
58,"(3, 0)",lake,"(108.0, 241.0, 117.0)"
58,"(3, 1)",field,"(23.0, 255.0, 189.0)"
58,"(3, 2)",field,"(23.0, 255.0, 186.0)"
58,"(3, 3)",field,"(23.0, 254.0, 183.0)"
58,"(3, 4)",forest,"(30.0, 178.0, 46.0)"
58,"(4, 0)",grassland,"(35.0, 231.0, 106.0)"
58,"(4, 1)",grassland,"(35.0, 241.0, 111.0)"
58,"(4, 2)",field,"(23.0, 254.0, 185.0)"
58,"(4, 3)",forest,"(35.0, 185.0, 42.0)"
58,"(4, 4)",forest,"(36.0, 177.0, 42.0)"
59,"(0, 0)",mine,"(19.0, 143.0, 64.0)"
59,"(0, 1)",field,"(23.0, 254.0, 197.0)"
59,"(0, 2)",home,"(22.0, 91.0, 117.0)"
59,"(0, 3)",field,"(23.0, 251.0, 196.0)"
59,"(0, 4)",lake,"(107.0, 252.0, 150.0)"
59,"(1, 0)",forest,"(29.0, 214.0, 59.0)"
59,"(1, 1)",field,"(23.0, 254.0, 198.0)"
59,"(1, 2)",lake,"(106.0, 239.0, 132.0)"
59,"(1, 3)",field,"(23.0, 245.0, 197.0)"
59,"(1, 4)",lake,"(106.0, 240.0, 133.0)"
59,"(2, 0)",forest,"(35.0, 184.0, 53.0)"
59,"(2, 1)",field,"(23.0, 250.0, 200.0)"
59,"(2, 2)",field,"(23.0, 250.0, 199.0)"
59,"(2, 3)",field,"(23.0, 248.0, 187.0)"
59,"(2, 4)",lake,"(107.0, 252.0, 147.0)"
59,"(3, 0)",forest,"(36.0, 196.0, 44.0)"
59,"(3, 1)",forest,"(36.0, 198.0, 38.0)"
59,"(3, 2)",field,"(22.0, 252.0, 150.0)"
59,"(3, 3)",swamp,"(18.0, 124.0, 89.0)"
59,"(3, 4)",lake,"(108.0, 255.0, 126.0)"
59,"(4, 0)",forest,"(35.0, 184.0, 25.0)"
59,"(4, 1)",forest,"(35.0, 162.0, 25.0)"
59,"(4, 2)",forest,"(35.0, 170.0, 27.0)"
59,"(4, 3)",forest,"(35.0, 164.0, 26.0)"
59,"(4, 4)",lake,"(108.0, 251.0, 116.0)"
60,"(0, 0)",mine,"(20.0, 97.0, 36.0)"
60,"(0, 1)",forest,"(40.0, 120.0, 39.0)"
60,"(0, 2)",lake,"(107.0, 247.0, 125.0)"
60,"(0, 3)",lake,"(106.0, 253.0, 152.0)"
60,"(0, 4)",lake,"(107.0, 255.0, 154.0)"
60,"(1, 0)",field,"(24.0, 254.0, 183.0)"
60,"(1, 1)",forest,"(36.0, 163.0, 42.0)"
60,"(1, 2)",lake,"(106.0, 250.0, 142.0)"
60,"(1, 3)",lake,"(106.0, 253.0, 154.0)"
60,"(1, 4)",lake,"(106.0, 254.0, 156.0)"
60,"(2, 0)",field,"(24.0, 254.0, 185.0)"
60,"(2, 1)",field,"(23.0, 248.0, 186.0)"
60,"(2, 2)",mine,"(21.0, 140.0, 57.0)"
60,"(2, 3)",lake,"(106.0, 253.0, 154.0)"
60,"(2, 4)",lake,"(106.0, 248.0, 129.0)"
60,"(3, 0)",swamp,"(19.0, 172.0, 93.0)"
60,"(3, 1)",swamp,"(19.0, 98.0, 120.0)"
60,"(3, 2)",swamp,"(18.0, 145.0, 101.0)"
60,"(3, 3)",forest,"(30.0, 196.0, 51.0)"
60,"(3, 4)",forest,"(35.0, 210.0, 42.0)"
60,"(4, 0)",swamp,"(18.0, 180.0, 104.0)"
60,"(4, 1)",swamp,"(20.0, 138.0, 111.0)"
60,"(4, 2)",home,"(18.0, 109.0, 72.0)"
60,"(4, 3)",field,"(23.0, 250.0, 184.0)"
60,"(4, 4)",forest,"(32.0, 162.0, 54.0)"
61,"(0, 0)",grassland,"(38.0, 248.0, 109.0)"
61,"(0, 1)",forest,"(32.0, 203.0, 40.0)"
61,"(0, 2)",grassland,"(40.0, 245.0, 107.0)"
61,"(0, 3)",grassland,"(38.0, 241.0, 115.0)"
61,"(0, 4)",lake,"(107.0, 253.0, 143.0)"
61,"(1, 0)",grassland,"(38.0, 245.0, 115.0)"
61,"(1, 1)",forest,"(37.0, 225.0, 34.0)"
61,"(1, 2)",grassland,"(35.0, 241.0, 103.0)"
61,"(1, 3)",field,"(23.0, 255.0, 178.0)"
61,"(1, 4)",forest,"(40.0, 125.0, 54.0)"
61,"(2, 0)",grassland,"(39.0, 236.0, 116.0)"
61,"(2, 1)",grassland,"(37.0, 245.0, 107.0)"
61,"(2, 2)",grassland,"(38.0, 238.0, 111.0)"
61,"(2, 3)",field,"(23.0, 248.0, 164.0)"
61,"(2, 4)",home,"(24.0, 110.0, 73.0)"
61,"(3, 0)",grassland,"(37.0, 227.0, 119.0)"
61,"(3, 1)",swamp,"(19.0, 155.0, 92.0)"
61,"(3, 2)",grassland,"(38.0, 202.0, 113.0)"
61,"(3, 3)",field,"(23.0, 241.0, 182.0)"
61,"(3, 4)",field,"(23.0, 246.0, 173.0)"
61,"(4, 0)",grassland,"(38.0, 242.0, 115.0)"
61,"(4, 1)",swamp,"(19.0, 161.0, 89.0)"
61,"(4, 2)",grassland,"(34.0, 202.0, 107.0)"
61,"(4, 3)",lake,"(106.0, 252.0, 151.0)"
61,"(4, 4)",lake,"(107.0, 248.0, 135.0)"
62,"(0, 0)",field,"(23.0, 244.0, 188.0)"
62,"(0, 1)",swamp,"(18.0, 112.0, 112.0)"
62,"(0, 2)",swamp,"(17.0, 122.0, 96.0)"
62,"(0, 3)",field,"(23.0, 251.0, 181.0)"
62,"(0, 4)",home,"(23.0, 194.0, 80.0)"
62,"(1, 0)",mine,"(20.0, 66.0, 35.0)"
62,"(1, 1)",mine,"(20.0, 92.0, 38.0)"
62,"(1, 2)",field,"(23.0, 254.0, 186.0)"
62,"(1, 3)",field,"(23.0, 254.0, 184.0)"
62,"(1, 4)",forest,"(28.0, 187.0, 45.0)"
62,"(2, 0)",mine,"(20.0, 74.0, 33.0)"
62,"(2, 1)",field,"(23.0, 246.0, 182.0)"
62,"(2, 2)",field,"(23.0, 254.0, 189.0)"
62,"(2, 3)",forest,"(36.0, 188.0, 43.0)"
62,"(2, 4)",forest,"(35.0, 176.0, 41.0)"
62,"(3, 0)",lake,"(108.0, 240.0, 119.5)"
62,"(3, 1)",field,"(23.0, 254.0, 193.0)"
62,"(3, 2)",field,"(23.0, 254.0, 191.0)"
62,"(3, 3)",field,"(23.0, 254.0, 188.0)"
62,"(3, 4)",forest,"(30.0, 184.0, 49.0)"
62,"(4, 0)",grassland,"(35.0, 232.0, 110.0)"
62,"(4, 1)",grassland,"(35.0, 240.0, 116.0)"
62,"(4, 2)",field,"(23.0, 254.0, 191.0)"
62,"(4, 3)",forest,"(36.0, 191.0, 44.0)"
62,"(4, 4)",forest,"(36.0, 183.0, 45.0)"
63,"(0, 0)",mine,"(19.0, 147.0, 65.0)"
63,"(0, 1)",field,"(23.0, 254.0, 196.0)"
63,"(0, 2)",home,"(22.0, 118.0, 76.0)"
63,"(0, 3)",field,"(23.0, 251.0, 197.0)"
63,"(0, 4)",lake,"(106.0, 252.0, 151.0)"
63,"(1, 0)",forest,"(29.0, 216.0, 61.0)"
63,"(1, 1)",field,"(23.0, 254.0, 200.0)"
63,"(1, 2)",lake,"(106.0, 236.0, 130.0)"
63,"(1, 3)",field,"(23.0, 245.0, 200.0)"
63,"(1, 4)",lake,"(106.0, 238.0, 137.0)"
63,"(2, 0)",forest,"(35.0, 185.0, 55.0)"
63,"(2, 1)",field,"(23.0, 250.0, 202.0)"
63,"(2, 2)",field,"(23.0, 249.0, 202.0)"
63,"(2, 3)",field,"(23.0, 245.0, 195.0)"
63,"(2, 4)",lake,"(106.0, 252.0, 154.0)"
63,"(3, 0)",forest,"(35.0, 196.0, 51.0)"
63,"(3, 1)",forest,"(35.0, 207.0, 44.0)"
63,"(3, 2)",field,"(22.0, 251.0, 167.0)"
63,"(3, 3)",swamp,"(18.0, 131.0, 104.0)"
63,"(3, 4)",lake,"(108.0, 253.0, 132.0)"
63,"(4, 0)",forest,"(35.0, 186.0, 30.0)"
63,"(4, 1)",forest,"(35.0, 170.0, 29.0)"
63,"(4, 2)",forest,"(34.0, 181.0, 30.0)"
63,"(4, 3)",forest,"(35.0, 158.0, 28.0)"
63,"(4, 4)",lake,"(108.0, 251.0, 119.0)"
64,"(0, 0)",forest,"(50.0, 101.0, 44.0)"
64,"(0, 1)",forest,"(35.0, 105.0, 49.0)"
64,"(0, 2)",forest,"(35.0, 112.0, 52.0)"
64,"(0, 3)",forest,"(34.0, 112.0, 54.0)"
64,"(0, 4)",forest,"(39.0, 127.0, 46.0)"
64,"(1, 0)",forest,"(42.0, 113.0, 42.0)"
64,"(1, 1)",field,"(24.0, 247.0, 180.0)"
64,"(1, 2)",field,"(24.0, 245.0, 184.0)"
64,"(1, 3)",field,"(24.0, 245.0, 186.0)"
64,"(1, 4)",field,"(23.0, 247.0, 181.0)"
64,"(2, 0)",forest,"(35.0, 121.0, 46.0)"
64,"(2, 1)",field,"(23.0, 244.0, 181.0)"
64,"(2, 2)",field,"(24.0, 252.0, 184.0)"
64,"(2, 3)",field,"(24.0, 252.0, 186.0)"
64,"(2, 4)",field,"(24.0, 254.0, 189.0)"
64,"(3, 0)",forest,"(40.0, 148.0, 39.0)"
64,"(3, 1)",field,"(23.0, 252.0, 181.0)"
64,"(3, 2)",forest,"(40.0, 179.0, 43.0)"
64,"(3, 3)",forest,"(39.0, 160.0, 42.0)"
64,"(3, 4)",field,"(23.0, 252.0, 189.0)"
64,"(4, 0)",forest,"(40.0, 161.0, 37.0)"
64,"(4, 1)",forest,"(37.0, 170.0, 42.0)"
64,"(4, 2)",forest,"(40.0, 172.0, 41.0)"
64,"(4, 3)",forest,"(38.0, 153.0, 42.0)"
64,"(4, 4)",home,"(17.0, 81.0, 123.0)"
65,"(0, 0)",grassland,"(40.0, 231.0, 119.0)"
65,"(0, 1)",grassland,"(39.0, 226.0, 122.0)"
65,"(0, 2)",lake,"(108.0, 253.0, 140.0)"
65,"(0, 3)",field,"(24.0, 248.0, 181.0)"
65,"(0, 4)",swamp,"(19.0, 54.0, 116.0)"
65,"(1, 0)",forest,"(34.0, 186.0, 46.0)"
65,"(1, 1)",grassland,"(39.0, 222.0, 118.0)"
65,"(1, 2)",grassland,"(39.0, 232.0, 115.0)"
65,"(1, 3)",field,"(23.0, 244.0, 175.0)"
65,"(1, 4)",field,"(23.0, 227.0, 182.0)"
65,"(2, 0)",forest,"(42.0, 172.0, 39.0)"
65,"(2, 1)",grassland,"(38.0, 214.0, 115.0)"
65,"(2, 2)",grassland,"(35.0, 219.0, 108.0)"
65,"(2, 3)",field,"(24.0, 245.0, 185.0)"
65,"(2, 4)",home,"(26.0, 42.0, 109.0)"
65,"(3, 0)",lake,"(107.0, 248.0, 125.0)"
65,"(3, 1)",grassland,"(38.0, 178.0, 106.0)"
65,"(3, 2)",grassland,"(37.0, 209.0, 112.0)"
65,"(3, 3)",field,"(24.0, 239.0, 187.0)"
65,"(3, 4)",field,"(23.0, 226.0, 185.0)"
65,"(4, 0)",lake,"(106.0, 252.0, 162.0)"
65,"(4, 1)",grassland,"(36.0, 171.0, 117.0)"
65,"(4, 2)",grassland,"(43.0, 195.0, 128.0)"
65,"(4, 3)",grassland,"(41.0, 176.0, 134.0)"
65,"(4, 4)",grassland,"(42.0, 160.0, 123.0)"
66,"(0, 0)",field,"(23.0, 225.0, 180.0)"
66,"(0, 1)",field,"(23.0, 222.0, 190.0)"
66,"(0, 2)",field,"(23.0, 229.0, 188.0)"
66,"(0, 3)",field,"(23.0, 240.0, 185.0)"
66,"(0, 4)",field,"(23.0, 226.0, 170.0)"
66,"(1, 0)",swamp,"(18.0, 102.0, 121.0)"
66,"(1, 1)",mine,"(21.0, 51.0, 34.0)"
66,"(1, 2)",mine,"(20.0, 91.0, 52.0)"
66,"(1, 3)",mine,"(20.0, 73.0, 30.0)"
66,"(1, 4)",mine,"(21.0, 58.0, 35.0)"
66,"(2, 0)",swamp,"(18.0, 123.0, 113.0)"
66,"(2, 1)",mine,"(20.0, 67.0, 36.0)"
66,"(2, 2)",mine,"(20.0, 67.0, 36.0)"
66,"(2, 3)",swamp,"(18.0, 142.0, 99.0)"
66,"(2, 4)",field,"(24.0, 254.0, 186.0)"
66,"(3, 0)",swamp,"(19.0, 132.0, 106.0)"
66,"(3, 1)",field,"(24.0, 249.0, 195.0)"
66,"(3, 2)",swamp,"(19.0, 120.0, 119.0)"
66,"(3, 3)",swamp,"(18.0, 130.0, 100.0)"
66,"(3, 4)",grassland,"(37.0, 213.0, 125.0)"
66,"(4, 0)",swamp,"(20.0, 112.0, 122.0)"
66,"(4, 1)",swamp,"(18.0, 155.0, 111.0)"
66,"(4, 2)",swamp,"(18.0, 143.0, 103.0)"
66,"(4, 3)",grassland,"(38.0, 231.0, 124.0)"
66,"(4, 4)",home,"(23.0, 112.0, 125.0)"
67,"(0, 0)",lake,"(106.0, 253.0, 163.0)"
67,"(0, 1)",lake,"(106.0, 253.0, 167.0)"
67,"(0, 2)",lake,"(106.0, 254.0, 169.0)"
67,"(0, 3)",lake,"(106.0, 254.0, 170.0)"
67,"(0, 4)",home,"(24.0, 72.5, 118.0)"
67,"(1, 0)",lake,"(106.0, 242.0, 132.0)"
67,"(1, 1)",field,"(23.0, 243.0, 196.0)"
67,"(1, 2)",lake,"(106.0, 249.0, 149.0)"
67,"(1, 3)",lake,"(106.0, 246.0, 138.0)"
67,"(1, 4)",lake,"(106.0, 254.0, 172.0)"
67,"(2, 0)",lake,"(106.0, 241.0, 131.0)"
67,"(2, 1)",field,"(23.0, 247.0, 198.0)"
67,"(2, 2)",field,"(23.0, 248.0, 193.0)"
67,"(2, 3)",forest,"(36.0, 193.0, 52.0)"
67,"(2, 4)",forest,"(39.0, 169.0, 51.0)"
67,"(3, 0)",lake,"(106.0, 250.0, 157.0)"
67,"(3, 1)",forest,"(35.0, 185.0, 49.0)"
67,"(3, 2)",forest,"(32.0, 188.0, 59.0)"
67,"(3, 3)",forest,"(35.0, 183.0, 50.0)"
67,"(3, 4)",forest,"(38.0, 115.0, 52.5)"
67,"(4, 0)",lake,"(106.0, 250.0, 164.0)"
67,"(4, 1)",lake,"(106.0, 248.0, 159.0)"
67,"(4, 2)",lake,"(106.0, 252.0, 168.0)"
67,"(4, 3)",lake,"(105.0, 248.0, 159.0)"
67,"(4, 4)",lake,"(106.0, 236.0, 142.0)"
68,"(0, 0)",forest,"(40.0, 146.0, 40.0)"
68,"(0, 1)",forest,"(32.0, 162.0, 45.0)"
68,"(0, 2)",forest,"(32.0, 167.0, 49.0)"
68,"(0, 3)",forest,"(31.0, 163.0, 51.0)"
68,"(0, 4)",forest,"(35.0, 168.0, 44.0)"
68,"(1, 0)",forest,"(36.0, 158.0, 40.0)"
68,"(1, 1)",field,"(23.0, 254.0, 181.0)"
68,"(1, 2)",field,"(23.0, 252.0, 185.0)"
68,"(1, 3)",field,"(23.0, 254.0, 188.0)"
68,"(1, 4)",field,"(23.0, 252.0, 184.0)"
68,"(2, 0)",forest,"(33.0, 166.0, 44.0)"
68,"(2, 1)",field,"(23.0, 252.0, 183.0)"
68,"(2, 2)",field,"(23.0, 255.0, 186.0)"
68,"(2, 3)",field,"(23.0, 255.0, 189.0)"
68,"(2, 4)",field,"(23.0, 255.0, 191.0)"
68,"(3, 0)",forest,"(36.0, 187.0, 38.0)"
68,"(3, 1)",field,"(23.0, 254.0, 184.0)"
68,"(3, 2)",forest,"(36.0, 214.0, 43.0)"
68,"(3, 3)",forest,"(35.0, 195.0, 41.0)"
68,"(3, 4)",field,"(23.0, 254.0, 190.0)"
68,"(4, 0)",forest,"(36.0, 193.0, 37.0)"
68,"(4, 1)",forest,"(35.0, 203.0, 43.0)"
68,"(4, 2)",forest,"(36.0, 200.0, 41.0)"
68,"(4, 3)",forest,"(35.0, 177.0, 40.0)"
68,"(4, 4)",home,"(16.0, 112.0, 83.0)"
69,"(0, 0)",field,"(23.0, 241.0, 181.0)"
69,"(0, 1)",field,"(23.0, 242.0, 190.0)"
69,"(0, 2)",field,"(23.0, 247.0, 188.0)"
69,"(0, 3)",field,"(23.0, 252.0, 185.0)"
69,"(0, 4)",field,"(22.0, 245.0, 171.0)"
69,"(1, 0)",swamp,"(17.0, 127.0, 122.0)"
69,"(1, 1)",mine,"(20.0, 75.0, 31.0)"
69,"(1, 2)",mine,"(19.0, 119.0, 50.0)"
69,"(1, 3)",mine,"(19.0, 102.0, 30.0)"
69,"(1, 4)",mine,"(19.0, 82.0, 31.0)"
69,"(2, 0)",swamp,"(18.0, 150.0, 111.0)"
69,"(2, 1)",mine,"(19.0, 95.5, 36.0)"
69,"(2, 2)",mine,"(19.0, 106.0, 39.0)"
69,"(2, 3)",swamp,"(17.0, 171.0, 99.0)"
69,"(2, 4)",field,"(23.0, 254.0, 186.0)"
69,"(3, 0)",swamp,"(18.0, 165.0, 112.0)"
69,"(3, 1)",field,"(23.0, 254.0, 196.0)"
69,"(3, 2)",swamp,"(18.0, 142.0, 118.0)"
69,"(3, 3)",swamp,"(17.0, 165.0, 99.0)"
69,"(3, 4)",grassland,"(35.0, 231.0, 117.0)"
69,"(4, 0)",swamp,"(20.0, 136.0, 128.0)"
69,"(4, 1)",swamp,"(18.0, 180.0, 115.0)"
69,"(4, 2)",swamp,"(18.0, 166.0, 104.0)"
69,"(4, 3)",grassland,"(37.0, 247.0, 116.0)"
69,"(4, 4)",home,"(22.0, 155.0, 89.0)"
70,"(0, 0)",lake,"(106.0, 253.0, 153.0)"
70,"(0, 1)",lake,"(105.0, 253.0, 157.0)"
70,"(0, 2)",lake,"(106.0, 253.0, 159.0)"
70,"(0, 3)",lake,"(106.0, 253.0, 157.0)"
70,"(0, 4)",home,"(24.0, 127.0, 77.0)"
70,"(1, 0)",lake,"(106.0, 240.0, 125.0)"
70,"(1, 1)",field,"(23.0, 249.0, 199.0)"
70,"(1, 2)",lake,"(106.0, 247.0, 137.0)"
70,"(1, 3)",lake,"(106.0, 243.0, 131.0)"
70,"(1, 4)",lake,"(105.0, 253.0, 159.0)"
70,"(2, 0)",lake,"(106.0, 238.0, 127.0)"
70,"(2, 1)",field,"(23.0, 251.0, 201.0)"
70,"(2, 2)",field,"(23.0, 251.0, 195.0)"
70,"(2, 3)",forest,"(35.0, 222.0, 53.5)"
70,"(2, 4)",forest,"(36.0, 198.0, 53.0)"
70,"(3, 0)",lake,"(106.0, 249.0, 152.0)"
70,"(3, 1)",forest,"(34.0, 214.0, 50.0)"
70,"(3, 2)",forest,"(30.0, 216.0, 61.0)"
70,"(3, 3)",forest,"(34.0, 211.0, 52.0)"
70,"(3, 4)",forest,"(35.0, 147.0, 54.0)"
70,"(4, 0)",lake,"(106.0, 247.0, 160.0)"
70,"(4, 1)",lake,"(105.0, 246.0, 155.0)"
70,"(4, 2)",lake,"(105.0, 250.0, 162.0)"
70,"(4, 3)",lake,"(105.0, 247.0, 155.0)"
70,"(4, 4)",lake,"(106.0, 233.0, 137.0)"
71,"(0, 0)",forest,"(39.0, 142.0, 38.0)"
71,"(0, 1)",forest,"(32.0, 170.0, 45.0)"
71,"(0, 2)",forest,"(30.0, 167.0, 48.0)"
71,"(0, 3)",forest,"(29.0, 173.0, 51.0)"
71,"(0, 4)",forest,"(35.0, 175.0, 43.0)"
71,"(1, 0)",forest,"(35.0, 156.0, 37.0)"
71,"(1, 1)",field,"(23.0, 255.0, 178.0)"
71,"(1, 2)",field,"(23.0, 254.0, 182.0)"
71,"(1, 3)",field,"(23.0, 254.0, 186.0)"
71,"(1, 4)",field,"(23.0, 252.0, 182.0)"
71,"(2, 0)",forest,"(32.0, 158.0, 42.0)"
71,"(2, 1)",field,"(23.0, 252.0, 179.0)"
71,"(2, 2)",field,"(23.0, 254.0, 183.0)"
71,"(2, 3)",field,"(23.0, 254.0, 186.0)"
71,"(2, 4)",field,"(23.0, 255.0, 189.0)"
71,"(3, 0)",forest,"(35.0, 186.0, 36.0)"
71,"(3, 1)",field,"(23.0, 254.0, 180.0)"
71,"(3, 2)",forest,"(37.0, 213.0, 40.0)"
71,"(3, 3)",forest,"(35.0, 193.0, 38.0)"
71,"(3, 4)",field,"(23.0, 254.0, 188.0)"
71,"(4, 0)",forest,"(36.0, 198.0, 34.0)"
71,"(4, 1)",forest,"(35.0, 201.0, 39.0)"
71,"(4, 2)",forest,"(36.0, 201.0, 38.0)"
71,"(4, 3)",forest,"(36.0, 180.0, 37.0)"
71,"(4, 4)",home,"(16.0, 113.0, 81.0)"
72,"(0, 0)",grassland,"(38.0, 247.0, 115.0)"
72,"(0, 1)",grassland,"(37.0, 242.0, 118.0)"
72,"(0, 2)",lake,"(107.0, 253.0, 130.0)"
72,"(0, 3)",field,"(23.0, 251.0, 183.0)"
72,"(0, 4)",swamp,"(18.0, 82.0, 117.0)"
72,"(1, 0)",forest,"(32.0, 213.0, 45.0)"
72,"(1, 1)",grassland,"(38.0, 236.0, 113.0)"
72,"(1, 2)",grassland,"(37.0, 244.0, 113.0)"
72,"(1, 3)",field,"(23.0, 249.0, 173.0)"
72,"(1, 4)",field,"(23.0, 233.0, 173.0)"
72,"(2, 0)",forest,"(38.0, 207.0, 38.0)"
72,"(2, 1)",grassland,"(37.0, 233.0, 111.0)"
72,"(2, 2)",grassland,"(34.0, 238.0, 109.0)"
72,"(2, 3)",field,"(23.0, 252.0, 185.0)"
72,"(2, 4)",home,"(24.0, 100.0, 78.0)"
72,"(3, 0)",lake,"(107.0, 246.0, 116.0)"
72,"(3, 1)",grassland,"(36.0, 202.0, 101.0)"
72,"(3, 2)",grassland,"(35.0, 225.0, 110.0)"
72,"(3, 3)",field,"(23.0, 248.0, 188.0)"
72,"(3, 4)",field,"(23.0, 243.0, 187.0)"
72,"(4, 0)",lake,"(106.0, 253.0, 151.0)"
72,"(4, 1)",grassland,"(35.0, 197.0, 115.0)"
72,"(4, 2)",grassland,"(40.0, 215.0, 123.0)"
72,"(4, 3)",grassland,"(38.0, 200.0, 130.0)"
72,"(4, 4)",grassland,"(39.0, 186.0, 120.0)"
73,"(0, 0)",field,"(23.0, 238.0, 184.0)"
73,"(0, 1)",field,"(23.0, 238.0, 193.0)"
73,"(0, 2)",field,"(23.0, 243.0, 192.0)"
73,"(0, 3)",field,"(23.0, 251.0, 190.0)"
73,"(0, 4)",field,"(22.0, 239.0, 176.0)"
73,"(1, 0)",swamp,"(17.0, 125.0, 124.0)"
73,"(1, 1)",mine,"(19.0, 85.0, 37.0)"
73,"(1, 2)",mine,"(19.0, 133.0, 69.0)"
73,"(1, 3)",mine,"(19.0, 107.0, 34.0)"
73,"(1, 4)",mine,"(20.0, 84.0, 34.0)"
73,"(2, 0)",swamp,"(18.0, 150.5, 114.0)"
73,"(2, 1)",mine,"(19.0, 94.0, 39.0)"
73,"(2, 2)",mine,"(19.0, 85.0, 34.0)"
73,"(2, 3)",swamp,"(17.0, 159.0, 95.0)"
73,"(2, 4)",field,"(23.0, 255.0, 191.0)"
73,"(3, 0)",swamp,"(18.0, 152.0, 108.0)"
73,"(3, 1)",field,"(23.0, 254.0, 198.0)"
73,"(3, 2)",swamp,"(19.0, 147.0, 124.0)"
73,"(3, 3)",swamp,"(18.0, 155.0, 102.0)"
73,"(3, 4)",grassland,"(35.0, 228.0, 123.0)"
73,"(4, 0)",swamp,"(20.0, 139.0, 125.0)"
73,"(4, 1)",swamp,"(18.0, 181.0, 117.0)"
73,"(4, 2)",swamp,"(18.0, 163.0, 110.0)"
73,"(4, 3)",grassland,"(36.0, 242.0, 123.0)"
73,"(4, 4)",home,"(23.0, 162.0, 91.0)"
