image,tilePosition,label,tileId
1,"(0, 0)",grassland,0
1,"(0, 1)",lake,1
1,"(0, 2)",forest,2
1,"(0, 3)",forest,3
1,"(0, 4)",forest,4
1,"(1, 0)",grassland,5
1,"(1, 1)",forest,6
1,"(1, 2)",forest,7
1,"(1, 3)",forest,8
1,"(1, 4)",grassland,9
1,"(2, 0)",grassland,10
1,"(2, 1)",swamp,11
1,"(2, 2)",home,12
1,"(2, 3)",forest,13
1,"(2, 4)",grassland,14
1,"(3, 0)",grassland,15
1,"(3, 1)",swamp,16
1,"(3, 2)",lake,17
1,"(3, 3)",grassland,18
1,"(3, 4)",grassland,19
1,"(4, 0)",forest,20
1,"(4, 1)",lake,21
1,"(4, 2)",lake,22
1,"(4, 3)",grassland,23
1,"(4, 4)",field,24
2,"(0, 0)",field,0
2,"(0, 1)",swamp,1
2,"(0, 2)",field,2
2,"(0, 3)",mine,3
2,"(0, 4)",swamp,4
2,"(1, 0)",mine,5
2,"(1, 1)",swamp,6
2,"(1, 2)",field,7
2,"(1, 3)",field,8
2,"(1, 4)",forest,9
2,"(2, 0)",mine,10
2,"(2, 1)",swamp,11
2,"(2, 2)",home,12
2,"(2, 3)",field,13
2,"(2, 4)",field,14
2,"(3, 0)",mine,15
2,"(3, 1)",mine,16
2,"(3, 2)",grassland,17
2,"(3, 3)",grassland,18
2,"(3, 4)",field,19
2,"(4, 0)",field,20
2,"(4, 1)",field,21
2,"(4, 2)",swamp,22
2,"(4, 3)",swamp,23
2,"(4, 4)",grassland,24
3,"(0, 0)",swamp,0
3,"(0, 1)",field,1
3,"(0, 2)",forest,2
3,"(0, 3)",forest,3
3,"(0, 4)",forest,4
3,"(1, 0)",field,5
3,"(1, 1)",field,6
3,"(1, 2)",forest,7
3,"(1, 3)",forest,8
3,"(1, 4)",forest,9
3,"(2, 0)",mine,10
3,"(2, 1)",field,11
3,"(2, 2)",home,12
3,"(2, 3)",forest,13
3,"(2, 4)",lake,14
3,"(3, 0)",field,15
3,"(3, 1)",forest,16
3,"(3, 2)",forest,17
3,"(3, 3)",forest,18
3,"(3, 4)",lake,19
3,"(4, 0)",lake,20
3,"(4, 1)",lake,21
3,"(4, 2)",lake,22
3,"(4, 3)",forest,23
3,"(4, 4)",lake,24
4,"(0, 0)",lake,0
4,"(0, 1)",field,1
4,"(0, 2)",field,2
4,"(0, 3)",swamp,3
4,"(0, 4)",field,4
4,"(1, 0)",lake,5
4,"(1, 1)",field,6
4,"(1, 2)",grassland,7
4,"(1, 3)",grassland,8
4,"(1, 4)",field,9
4,"(2, 0)",lake,10
4,"(2, 1)",field,11
4,"(2, 2)",field,12
4,"(2, 3)",field,13
4,"(2, 4)",field,14
4,"(3, 0)",lake,15
4,"(3, 1)",field,16
4,"(3, 2)",field,17
4,"(3, 3)",forest,18
4,"(3, 4)",forest,19
4,"(4, 0)",lake,20
4,"(4, 1)",lake,21
4,"(4, 2)",home,22
4,"(4, 3)",lake,23
4,"(4, 4)",lake,24
5,"(0, 0)",grassland,0
5,"(0, 1)",lake,1
5,"(0, 2)",forest,2
5,"(0, 3)",forest,3
5,"(0, 4)",forest,4
5,"(1, 0)",grassland,5
5,"(1, 1)",forest,6
5,"(1, 2)",forest,7
5,"(1, 3)",forest,8
5,"(1, 4)",grassland,9
5,"(2, 0)",grassland,10
5,"(2, 1)",swamp,11
5,"(2, 2)",home,12
5,"(2, 3)",forest,13
5,"(2, 4)",grassland,14
5,"(3, 0)",grassland,15
5,"(3, 1)",swamp,16
5,"(3, 2)",lake,17
5,"(3, 3)",grassland,18
5,"(3, 4)",grassland,19
5,"(4, 0)",forest,20
5,"(4, 1)",lake,21
5,"(4, 2)",lake,22
5,"(4, 3)",grassland,23
5,"(4, 4)",field,24
6,"(0, 0)",field,0
6,"(0, 1)",swamp,1
6,"(0, 2)",field,2
6,"(0, 3)",mine,3
6,"(0, 4)",swamp,4
6,"(1, 0)",mine,5
6,"(1, 1)",swamp,6
6,"(1, 2)",field,7
6,"(1, 3)",field,8
6,"(1, 4)",forest,9
6,"(2, 0)",mine,10
6,"(2, 1)",swamp,11
6,"(2, 2)",home,12
6,"(2, 3)",field,13
6,"(2, 4)",field,14
6,"(3, 0)",mine,15
6,"(3, 1)",mine,16
6,"(3, 2)",grassland,17
6,"(3, 3)",grassland,18
6,"(3, 4)",field,19
6,"(4, 0)",field,20
6,"(4, 1)",field,21
6,"(4, 2)",swamp,22
6,"(4, 3)",swamp,23
6,"(4, 4)",grassland,24
7,"(0, 0)",swamp,0
7,"(0, 1)",field,1
7,"(0, 2)",forest,2
7,"(0, 3)",forest,3
7,"(0, 4)",forest,4
7,"(1, 0)",field,5
7,"(1, 1)",field,6
7,"(1, 2)",forest,7
7,"(1, 3)",forest,8
7,"(1, 4)",forest,9
7,"(2, 0)",mine,10
7,"(2, 1)",field,11
7,"(2, 2)",home,12
7,"(2, 3)",forest,13
7,"(2, 4)",lake,14
7,"(3, 0)",field,15
7,"(3, 1)",forest,16
7,"(3, 2)",forest,17
7,"(3, 3)",forest,18
7,"(3, 4)",lake,19
7,"(4, 0)",lake,20
7,"(4, 1)",lake,21
7,"(4, 2)",lake,22
7,"(4, 3)",forest,23
7,"(4, 4)",lake,24
8,"(0, 0)",lake,0
8,"(0, 1)",field,1
8,"(0, 2)",field,2
8,"(0, 3)",swamp,3
8,"(0, 4)",field,4
8,"(1, 0)",lake,5
8,"(1, 1)",field,6
8,"(1, 2)",grassland,7
8,"(1, 3)",grassland,8
8,"(1, 4)",field,9
8,"(2, 0)",lake,10
8,"(2, 1)",field,11
8,"(2, 2)",field,12
8,"(2, 3)",field,13
8,"(2, 4)",field,14
8,"(3, 0)",lake,15
8,"(3, 1)",field,16
8,"(3, 2)",field,17
8,"(3, 3)",forest,18
8,"(3, 4)",forest,19
8,"(4, 0)",lake,20
8,"(4, 1)",lake,21
8,"(4, 2)",home,22
8,"(4, 3)",lake,23
8,"(4, 4)",lake,24
9,"(0, 0)",unknown,0
9,"(0, 1)",mine,1
9,"(0, 2)",field,2
9,"(0, 3)",field,3
9,"(0, 4)",grassland,4
9,"(1, 0)",field,5
9,"(1, 1)",grassland,6
9,"(1, 2)",lake,7
9,"(1, 3)",field,8
9,"(1, 4)",forest,9
9,"(2, 0)",unknown,10
9,"(2, 1)",grassland,11
9,"(2, 2)",grassland,12
9,"(2, 3)",field,13
9,"(2, 4)",field,14
9,"(3, 0)",field,15
9,"(3, 1)",swamp,16
9,"(3, 2)",field,17
9,"(3, 3)",field,18
9,"(3, 4)",home,19
9,"(4, 0)",swamp,20
9,"(4, 1)",swamp,21
9,"(4, 2)",field,22
9,"(4, 3)",field,23
9,"(4, 4)",lake,24
10,"(0, 0)",field,0
10,"(0, 1)",mine,1
10,"(0, 2)",mine,2
10,"(0, 3)",mine,3
10,"(0, 4)",unknown,4
10,"(1, 0)",lake,5
10,"(1, 1)",forest,6
10,"(1, 2)",swamp,7
10,"(1, 3)",swamp,8
10,"(1, 4)",unknown,9
10,"(2, 0)",lake,10
10,"(2, 1)",lake,11
10,"(2, 2)",home,12
10,"(2, 3)",swamp,13
10,"(2, 4)",field,14
10,"(3, 0)",lake,15
10,"(3, 1)",lake,16
10,"(3, 2)",forest,17
10,"(3, 3)",field,18
10,"(3, 4)",field,19
10,"(4, 0)",lake,20
10,"(4, 1)",lake,21
10,"(4, 2)",forest,22
10,"(4, 3)",forest,23
10,"(4, 4)",forest,24
11,"(0, 0)",forest,0
11,"(0, 1)",forest,1
11,"(0, 2)",forest,2
11,"(0, 3)",forest,3
11,"(0, 4)",forest,4
11,"(1, 0)",lake,5
11,"(1, 1)",field,6
11,"(1, 2)",field,7
11,"(1, 3)",forest,8
11,"(1, 4)",forest,9
11,"(2, 0)",lake,10
11,"(2, 1)",field,11
11,"(2, 2)",field,12
11,"(2, 3)",forest,13
11,"(2, 4)",home,14
11,"(3, 0)",lake,15
11,"(3, 1)",grassland,16
11,"(3, 2)",grassland,17
11,"(3, 3)",forest,18
11,"(3, 4)",forest,19
11,"(4, 0)",unknown,20
11,"(4, 1)",unknown,21
11,"(4, 2)",grassland,22
11,"(4, 3)",forest,23
11,"(4, 4)",forest,24
12,"(0, 0)",field,0
12,"(0, 1)",field,1
12,"(0, 2)",grassland,2
12,"(0, 3)",grassland,3
12,"(0, 4)",unknown,4
12,"(1, 0)",forest,5
12,"(1, 1)",lake,6
12,"(1, 2)",lake,7
12,"(1, 3)",lake,8
12,"(1, 4)",unknown,9
12,"(2, 0)",grassland,10
12,"(2, 1)",grassland,11
12,"(2, 2)",grassland,12
12,"(2, 3)",forest,13
12,"(2, 4)",lake,14
12,"(3, 0)",grassland,15
12,"(3, 1)",swamp,16
12,"(3, 2)",grassland,17
12,"(3, 3)",field,18
12,"(3, 4)",lake,19
12,"(4, 0)",swamp,20
12,"(4, 1)",swamp,21
12,"(4, 2)",home,22
12,"(4, 3)",field,23
12,"(4, 4)",lake,24
13,"(0, 0)",unknown,0
13,"(0, 1)",mine,1
13,"(0, 2)",field,2
13,"(0, 3)",field,3
13,"(0, 4)",grassland,4
13,"(1, 0)",field,5
13,"(1, 1)",grassland,6
13,"(1, 2)",lake,7
13,"(1, 3)",field,8
13,"(1, 4)",forest,9
13,"(2, 0)",unknown,10
13,"(2, 1)",grassland,11
13,"(2, 2)",grassland,12
13,"(2, 3)",field,13
13,"(2, 4)",field,14
13,"(3, 0)",field,15
13,"(3, 1)",swamp,16
13,"(3, 2)",field,17
13,"(3, 3)",field,18
13,"(3, 4)",home,19
13,"(4, 0)",swamp,20
13,"(4, 1)",swamp,21
13,"(4, 2)",field,22
13,"(4, 3)",field,23
13,"(4, 4)",lake,24
14,"(0, 0)",field,0
14,"(0, 1)",mine,1
14,"(0, 2)",mine,2
14,"(0, 3)",mine,3
14,"(0, 4)",unknown,4
14,"(1, 0)",lake,5
14,"(1, 1)",forest,6
14,"(1, 2)",swamp,7
14,"(1, 3)",swamp,8
14,"(1, 4)",unknown,9
14,"(2, 0)",lake,10
14,"(2, 1)",lake,11
14,"(2, 2)",home,12
14,"(2, 3)",swamp,13
14,"(2, 4)",field,14
14,"(3, 0)",lake,15
14,"(3, 1)",lake,16
14,"(3, 2)",forest,17
14,"(3, 3)",field,18
14,"(3, 4)",field,19
14,"(4, 0)",lake,20
14,"(4, 1)",lake,21
14,"(4, 2)",forest,22
14,"(4, 3)",forest,23
14,"(4, 4)",forest,24
15,"(0, 0)",forest,0
15,"(0, 1)",forest,1
15,"(0, 2)",forest,2
15,"(0, 3)",forest,3
15,"(0, 4)",forest,4
15,"(1, 0)",lake,5
15,"(1, 1)",field,6
15,"(1, 2)",field,7
15,"(1, 3)",forest,8
15,"(1, 4)",forest,9
15,"(2, 0)",lake,10
15,"(2, 1)",field,11
15,"(2, 2)",field,12
15,"(2, 3)",forest,13
15,"(2, 4)",home,14
15,"(3, 0)",lake,15
15,"(3, 1)",grassland,16
15,"(3, 2)",grassland,17
15,"(3, 3)",forest,18
15,"(3, 4)",forest,19
15,"(4, 0)",unknown,20
15,"(4, 1)",unknown,21
15,"(4, 2)",grassland,22
15,"(4, 3)",forest,23
15,"(4, 4)",forest,24
16,"(0, 0)",field,0
16,"(0, 1)",field,1
16,"(0, 2)",grassland,2
16,"(0, 3)",grassland,3
16,"(0, 4)",unknown,4
16,"(1, 0)",forest,5
16,"(1, 1)",lake,6
16,"(1, 2)",lake,7
16,"(1, 3)",lake,8
16,"(1, 4)",unknown,9
16,"(2, 0)",grassland,10
16,"(2, 1)",grassland,11
16,"(2, 2)",grassland,12
16,"(2, 3)",forest,13
16,"(2, 4)",lake,14
16,"(3, 0)",grassland,15
16,"(3, 1)",swamp,16
16,"(3, 2)",grassland,17
16,"(3, 3)",field,18
16,"(3, 4)",lake,19
16,"(4, 0)",swamp,20
16,"(4, 1)",swamp,21
16,"(4, 2)",home,22
16,"(4, 3)",field,23
16,"(4, 4)",lake,24
17,"(0, 0)",swamp,0
17,"(0, 1)",grassland,1
17,"(0, 2)",swamp,2
17,"(0, 3)",field,3
17,"(0, 4)",forest,4
17,"(1, 0)",swamp,5
17,"(1, 1)",grassland,6
17,"(1, 2)",swamp,7
17,"(1, 3)",field,8
17,"(1, 4)",forest,9
17,"(2, 0)",swamp,10
17,"(2, 1)",grassland,11
17,"(2, 2)",home,12
17,"(2, 3)",field,13
17,"(2, 4)",forest,14
17,"(3, 0)",swamp,15
17,"(3, 1)",grassland,16
17,"(3, 2)",lake,17
17,"(3, 3)",lake,18
17,"(3, 4)",forest,19
17,"(4, 0)",field,20
17,"(4, 1)",grassland,21
17,"(4, 2)",lake,22
17,"(4, 3)",lake,23
17,"(4, 4)",lake,24
18,"(0, 0)",grassland,0
18,"(0, 1)",forest,1
18,"(0, 2)",field,2
18,"(0, 3)",field,3
18,"(0, 4)",lake,4
18,"(1, 0)",unknown,5
18,"(1, 1)",forest,6
18,"(1, 2)",forest,7
18,"(1, 3)",field,8
18,"(1, 4)",field,9
18,"(2, 0)",unknown,10
18,"(2, 1)",forest,11
18,"(2, 2)",home,12
18,"(2, 3)",field,13
18,"(2, 4)",field,14
18,"(3, 0)",forest,15
18,"(3, 1)",forest,16
18,"(3, 2)",forest,17
18,"(3, 3)",forest,18
18,"(3, 4)",forest,19
18,"(4, 0)",lake,20
18,"(4, 1)",lake,21
18,"(4, 2)",forest,22
18,"(4, 3)",forest,23
18,"(4, 4)",forest,24
19,"(0, 0)",field,0
19,"(0, 1)",grassland,1
19,"(0, 2)",forest,2
19,"(0, 3)",grassland,3
19,"(0, 4)",lake,4
19,"(1, 0)",field,5
19,"(1, 1)",grassland,6
19,"(1, 2)",grassland,7
19,"(1, 3)",grassland,8
19,"(1, 4)",field,9
19,"(2, 0)",mine,10
19,"(2, 1)",swamp,11
19,"(2, 2)",home,12
19,"(2, 3)",forest,13
19,"(2, 4)",field,14
19,"(3, 0)",mine,15
19,"(3, 1)",mine,16
19,"(3, 2)",field,17
19,"(3, 3)",forest,18
19,"(3, 4)",swamp,19
19,"(4, 0)",field,20
19,"(4, 1)",field,21
19,"(4, 2)",field,22
19,"(4, 3)",field,23
19,"(4, 4)",field,24
20,"(0, 0)",lake,0
20,"(0, 1)",lake,1
20,"(0, 2)",lake,2
20,"(0, 3)",lake,3
20,"(0, 4)",lake,4
20,"(1, 0)",forest,5
20,"(1, 1)",swamp,6
20,"(1, 2)",grassland,7
20,"(1, 3)",forest,8
20,"(1, 4)",lake,9
20,"(2, 0)",mine,10
20,"(2, 1)",swamp,11
20,"(2, 2)",home,12
20,"(2, 3)",forest,13
20,"(2, 4)",lake,14
20,"(3, 0)",mine,15
20,"(3, 1)",mine,16
20,"(3, 2)",grassland,17
20,"(3, 3)",grassland,18
20,"(3, 4)",lake,19
20,"(4, 0)",field,20
20,"(4, 1)",field,21
20,"(4, 2)",field,22
20,"(4, 3)",field,23
20,"(4, 4)",field,24
21,"(0, 0)",swamp,0
21,"(0, 1)",grassland,1
21,"(0, 2)",swamp,2
21,"(0, 3)",field,3
21,"(0, 4)",forest,4
21,"(1, 0)",swamp,5
21,"(1, 1)",grassland,6
21,"(1, 2)",swamp,7
21,"(1, 3)",field,8
21,"(1, 4)",forest,9
21,"(2, 0)",swamp,10
21,"(2, 1)",grassland,11
21,"(2, 2)",home,12
21,"(2, 3)",field,13
21,"(2, 4)",forest,14
21,"(3, 0)",swamp,15
21,"(3, 1)",grassland,16
21,"(3, 2)",lake,17
21,"(3, 3)",lake,18
21,"(3, 4)",forest,19
21,"(4, 0)",field,20
21,"(4, 1)",grassland,21
21,"(4, 2)",lake,22
21,"(4, 3)",lake,23
21,"(4, 4)",lake,24
22,"(0, 0)",grassland,0
22,"(0, 1)",forest,1
22,"(0, 2)",field,2
22,"(0, 3)",field,3
22,"(0, 4)",lake,4
22,"(1, 0)",unknown,5
22,"(1, 1)",forest,6
22,"(1, 2)",forest,7
22,"(1, 3)",field,8
22,"(1, 4)",field,9
22,"(2, 0)",unknown,10
22,"(2, 1)",forest,11
22,"(2, 2)",home,12
22,"(2, 3)",field,13
22,"(2, 4)",field,14
22,"(3, 0)",forest,15
22,"(3, 1)",forest,16
22,"(3, 2)",forest,17
22,"(3, 3)",forest,18
22,"(3, 4)",forest,19
22,"(4, 0)",lake,20
22,"(4, 1)",lake,21
22,"(4, 2)",forest,22
22,"(4, 3)",forest,23
22,"(4, 4)",forest,24
23,"(0, 0)",field,0
23,"(0, 1)",grassland,1
23,"(0, 2)",forest,2
23,"(0, 3)",grassland,3
23,"(0, 4)",lake,4
23,"(1, 0)",field,5
23,"(1, 1)",grassland,6
23,"(1, 2)",grassland,7
23,"(1, 3)",grassland,8
23,"(1, 4)",field,9
23,"(2, 0)",mine,10
23,"(2, 1)",swamp,11
23,"(2, 2)",home,12
23,"(2, 3)",forest,13
23,"(2, 4)",field,14
23,"(3, 0)",mine,15
23,"(3, 1)",mine,16
23,"(3, 2)",field,17
23,"(3, 3)",forest,18
23,"(3, 4)",swamp,19
23,"(4, 0)",field,20
23,"(4, 1)",field,21
23,"(4, 2)",field,22
23,"(4, 3)",field,23
23,"(4, 4)",field,24
24,"(0, 0)",lake,0
24,"(0, 1)",lake,1
24,"(0, 2)",lake,2
24,"(0, 3)",lake,3
24,"(0, 4)",lake,4
24,"(1, 0)",forest,5
24,"(1, 1)",swamp,6
24,"(1, 2)",grassland,7
24,"(1, 3)",forest,8
24,"(1, 4)",lake,9
24,"(2, 0)",mine,10
24,"(2, 1)",swamp,11
24,"(2, 2)",home,12
24,"(2, 3)",forest,13
24,"(2, 4)",lake,14
24,"(3, 0)",mine,15
24,"(3, 1)",mine,16
24,"(3, 2)",grassland,17
24,"(3, 3)",grassland,18
24,"(3, 4)",lake,19
24,"(4, 0)",field,20
24,"(4, 1)",field,21
24,"(4, 2)",field,22
24,"(4, 3)",field,23
24,"(4, 4)",field,24
25,"(0, 0)",unknown,0
25,"(0, 1)",lake,1
25,"(0, 2)",lake,2
25,"(0, 3)",lake,3
25,"(0, 4)",field,4
25,"(1, 0)",unknown,5
25,"(1, 1)",forest,6
25,"(1, 2)",forest,7
25,"(1, 3)",lake,8
25,"(1, 4)",field,9
25,"(2, 0)",lake,10
25,"(2, 1)",forest,11
25,"(2, 2)",home,12
25,"(2, 3)",lake,13
25,"(2, 4)",field,14
25,"(3, 0)",lake,15
25,"(3, 1)",forest,16
25,"(3, 2)",swamp,17
25,"(3, 3)",mine,18
25,"(3, 4)",field,19
25,"(4, 0)",grassland,20
25,"(4, 1)",forest,21
25,"(4, 2)",mine,22
25,"(4, 3)",mine,23
25,"(4, 4)",field,24
26,"(0, 0)",forest,0
26,"(0, 1)",forest,1
26,"(0, 2)",forest,2
26,"(0, 3)",forest,3
26,"(0, 4)",lake,4
26,"(1, 0)",forest,5
26,"(1, 1)",field,6
26,"(1, 2)",forest,7
26,"(1, 3)",forest,8
26,"(1, 4)",lake,9
26,"(2, 0)",mine,10
26,"(2, 1)",field,11
26,"(2, 2)",home,12
26,"(2, 3)",forest,13
26,"(2, 4)",lake,14
26,"(3, 0)",field,15
26,"(3, 1)",field,16
26,"(3, 2)",forest,17
26,"(3, 3)",forest,18
26,"(3, 4)",lake,19
26,"(4, 0)",lake,20
26,"(4, 1)",lake,21
26,"(4, 2)",lake,22
26,"(4, 3)",lake,23
26,"(4, 4)",lake,24
27,"(0, 0)",grassland,0
27,"(0, 1)",grassland,1
27,"(0, 2)",field,2
27,"(0, 3)",field,3
27,"(0, 4)",field,4
27,"(1, 0)",lake,5
27,"(1, 1)",grassland,6
27,"(1, 2)",grassland,7
27,"(1, 3)",field,8
27,"(1, 4)",forest,9
27,"(2, 0)",lake,10
27,"(2, 1)",grassland,11
27,"(2, 2)",home,12
27,"(2, 3)",field,13
27,"(2, 4)",forest,14
27,"(3, 0)",grassland,15
27,"(3, 1)",grassland,16
27,"(3, 2)",field,17
27,"(3, 3)",field,18
27,"(3, 4)",forest,19
27,"(4, 0)",field,20
27,"(4, 1)",grassland,21
27,"(4, 2)",forest,22
27,"(4, 3)",forest,23
27,"(4, 4)",forest,24
28,"(0, 0)",mine,0
28,"(0, 1)",mine,1
28,"(0, 2)",field,2
28,"(0, 3)",field,3
28,"(0, 4)",swamp,4
28,"(1, 0)",swamp,5
28,"(1, 1)",swamp,6
28,"(1, 2)",grassland,7
28,"(1, 3)",grassland,8
28,"(1, 4)",forest,9
28,"(2, 0)",swamp,10
28,"(2, 1)",swamp,11
28,"(2, 2)",swamp,12
28,"(2, 3)",grassland,13
28,"(2, 4)",home,14
28,"(3, 0)",swamp,15
28,"(3, 1)",swamp,16
28,"(3, 2)",swamp,17
28,"(3, 3)",grassland,18
28,"(3, 4)",grassland,19
28,"(4, 0)",field,20
28,"(4, 1)",field,21
28,"(4, 2)",field,22
28,"(4, 3)",field,23
28,"(4, 4)",field,24
29,"(0, 0)",field,0
29,"(0, 1)",field,1
29,"(0, 2)",field,2
29,"(0, 3)",field,3
29,"(0, 4)",field,4
29,"(1, 0)",lake,5
29,"(1, 1)",lake,6
29,"(1, 2)",lake,7
29,"(1, 3)",mine,8
29,"(1, 4)",mine,9
29,"(2, 0)",lake,10
29,"(2, 1)",forest,11
29,"(2, 2)",home,12
29,"(2, 3)",swamp,13
29,"(2, 4)",mine,14
29,"(3, 0)",lake,15
29,"(3, 1)",forest,16
29,"(3, 2)",forest,17
29,"(3, 3)",forest,18
29,"(3, 4)",forest,19
29,"(4, 0)",unknown,20
29,"(4, 1)",unknown,21
29,"(4, 2)",lake,22
29,"(4, 3)",lake,23
29,"(4, 4)",grassland,24
30,"(0, 0)",forest,0
30,"(0, 1)",forest,1
30,"(0, 2)",forest,2
30,"(0, 3)",forest,3
30,"(0, 4)",lake,4
30,"(1, 0)",forest,5
30,"(1, 1)",field,6
30,"(1, 2)",forest,7
30,"(1, 3)",forest,8
30,"(1, 4)",lake,9
30,"(2, 0)",mine,10
30,"(2, 1)",field,11
30,"(2, 2)",home,12
30,"(2, 3)",forest,13
30,"(2, 4)",lake,14
30,"(3, 0)",field,15
30,"(3, 1)",field,16
30,"(3, 2)",forest,17
30,"(3, 3)",forest,18
30,"(3, 4)",lake,19
30,"(4, 0)",lake,20
30,"(4, 1)",lake,21
30,"(4, 2)",lake,22
30,"(4, 3)",lake,23
30,"(4, 4)",lake,24
31,"(0, 0)",grassland,0
31,"(0, 1)",grassland,1
31,"(0, 2)",field,2
31,"(0, 3)",field,3
31,"(0, 4)",field,4
31,"(1, 0)",lake,5
31,"(1, 1)",grassland,6
31,"(1, 2)",grassland,7
31,"(1, 3)",field,8
31,"(1, 4)",forest,9
31,"(2, 0)",lake,10
31,"(2, 1)",grassland,11
31,"(2, 2)",home,12
31,"(2, 3)",field,13
31,"(2, 4)",forest,14
31,"(3, 0)",grassland,15
31,"(3, 1)",grassland,16
31,"(3, 2)",field,17
31,"(3, 3)",field,18
31,"(3, 4)",forest,19
31,"(4, 0)",field,20
31,"(4, 1)",grassland,21
31,"(4, 2)",forest,22
31,"(4, 3)",forest,23
31,"(4, 4)",forest,24
32,"(0, 0)",mine,0
32,"(0, 1)",mine,1
32,"(0, 2)",field,2
32,"(0, 3)",field,3
32,"(0, 4)",swamp,4
32,"(1, 0)",swamp,5
32,"(1, 1)",swamp,6
32,"(1, 2)",grassland,7
32,"(1, 3)",grassland,8
32,"(1, 4)",forest,9
32,"(2, 0)",swamp,10
32,"(2, 1)",swamp,11
32,"(2, 2)",swamp,12
32,"(2, 3)",grassland,13
32,"(2, 4)",home,14
32,"(3, 0)",swamp,15
32,"(3, 1)",swamp,16
32,"(3, 2)",swamp,17
32,"(3, 3)",grassland,18
32,"(3, 4)",grassland,19
32,"(4, 0)",field,20
32,"(4, 1)",field,21
32,"(4, 2)",field,22
32,"(4, 3)",field,23
32,"(4, 4)",field,24
33,"(0, 0)",grassland,0
33,"(0, 1)",field,1
33,"(0, 2)",lake,2
33,"(0, 3)",lake,3
33,"(0, 4)",lake,4
33,"(1, 0)",field,5
33,"(1, 1)",field,6
33,"(1, 2)",swamp,7
33,"(1, 3)",field,8
33,"(1, 4)",forest,9
33,"(2, 0)",lake,10
33,"(2, 1)",field,11
33,"(2, 2)",home,12
33,"(2, 3)",forest,13
33,"(2, 4)",forest,14
33,"(3, 0)",lake,15
33,"(3, 1)",forest,16
33,"(3, 2)",forest,17
33,"(3, 3)",forest,18
33,"(3, 4)",unknown,19
33,"(4, 0)",lake,20
33,"(4, 1)",forest,21
33,"(4, 2)",field,22
33,"(4, 3)",field,23
33,"(4, 4)",unknown,24
34,"(0, 0)",swamp,0
34,"(0, 1)",swamp,1
34,"(0, 2)",home,2
34,"(0, 3)",grassland,3
34,"(0, 4)",grassland,4
34,"(1, 0)",swamp,5
34,"(1, 1)",field,6
34,"(1, 2)",field,7
34,"(1, 3)",grassland,8
34,"(1, 4)",grassland,9
34,"(2, 0)",swamp,10
34,"(2, 1)",mine,11
34,"(2, 2)",field,12
34,"(2, 3)",field,13
34,"(2, 4)",field,14
34,"(3, 0)",swamp,15
34,"(3, 1)",grassland,16
34,"(3, 2)",field,17
34,"(3, 3)",forest,18
34,"(3, 4)",field,19
34,"(4, 0)",forest,20
34,"(4, 1)",grassland,21
34,"(4, 2)",field,22
34,"(4, 3)",mine,23
34,"(4, 4)",lake,24
35,"(0, 0)",swamp,0
35,"(0, 1)",field,1
35,"(0, 2)",forest,2
35,"(0, 3)",forest,3
35,"(0, 4)",forest,4
35,"(1, 0)",swamp,5
35,"(1, 1)",forest,6
35,"(1, 2)",forest,7
35,"(1, 3)",lake,8
35,"(1, 4)",lake,9
35,"(2, 0)",field,10
35,"(2, 1)",field,11
35,"(2, 2)",home,12
35,"(2, 3)",lake,13
35,"(2, 4)",lake,14
35,"(3, 0)",field,15
35,"(3, 1)",field,16
35,"(3, 2)",field,17
35,"(3, 3)",lake,18
35,"(3, 4)",lake,19
35,"(4, 0)",mine,20
35,"(4, 1)",mine,21
35,"(4, 2)",mine,22
35,"(4, 3)",mine,23
35,"(4, 4)",swamp,24
36,"(0, 0)",field,0
36,"(0, 1)",forest,1
36,"(0, 2)",forest,2
36,"(0, 3)",forest,3
36,"(0, 4)",swamp,4
36,"(1, 0)",field,5
36,"(1, 1)",field,6
36,"(1, 2)",forest,7
36,"(1, 3)",home,8
36,"(1, 4)",grassland,9
36,"(2, 0)",grassland,10
36,"(2, 1)",field,11
36,"(2, 2)",forest,12
36,"(2, 3)",forest,13
36,"(2, 4)",grassland,14
36,"(3, 0)",lake,15
36,"(3, 1)",forest,16
36,"(3, 2)",forest,17
36,"(3, 3)",grassland,18
36,"(3, 4)",grassland,19
36,"(4, 0)",lake,20
36,"(4, 1)",field,21
36,"(4, 2)",lake,22
36,"(4, 3)",grassland,23
36,"(4, 4)",lake,24
37,"(0, 0)",grassland,0
37,"(0, 1)",field,1
37,"(0, 2)",lake,2
37,"(0, 3)",lake,3
37,"(0, 4)",lake,4
37,"(1, 0)",field,5
37,"(1, 1)",field,6
37,"(1, 2)",swamp,7
37,"(1, 3)",field,8
37,"(1, 4)",forest,9
37,"(2, 0)",lake,10
37,"(2, 1)",field,11
37,"(2, 2)",home,12
37,"(2, 3)",forest,13
37,"(2, 4)",forest,14
37,"(3, 0)",lake,15
37,"(3, 1)",forest,16
37,"(3, 2)",forest,17
37,"(3, 3)",forest,18
37,"(3, 4)",unknown,19
37,"(4, 0)",lake,20
37,"(4, 1)",forest,21
37,"(4, 2)",field,22
37,"(4, 3)",field,23
37,"(4, 4)",unknown,24
38,"(0, 0)",swamp,0
38,"(0, 1)",swamp,1
38,"(0, 2)",home,2
38,"(0, 3)",grassland,3
38,"(0, 4)",grassland,4
38,"(1, 0)",swamp,5
38,"(1, 1)",field,6
38,"(1, 2)",field,7
38,"(1, 3)",grassland,8
38,"(1, 4)",grassland,9
38,"(2, 0)",swamp,10
38,"(2, 1)",mine,11
38,"(2, 2)",field,12
38,"(2, 3)",field,13
38,"(2, 4)",field,14
38,"(3, 0)",swamp,15
38,"(3, 1)",grassland,16
38,"(3, 2)",field,17
38,"(3, 3)",forest,18
38,"(3, 4)",field,19
38,"(4, 0)",forest,20
38,"(4, 1)",grassland,21
38,"(4, 2)",field,22
38,"(4, 3)",mine,23
38,"(4, 4)",lake,24
39,"(0, 0)",swamp,0
39,"(0, 1)",field,1
39,"(0, 2)",forest,2
39,"(0, 3)",forest,3
39,"(0, 4)",forest,4
39,"(1, 0)",swamp,5
39,"(1, 1)",forest,6
39,"(1, 2)",forest,7
39,"(1, 3)",lake,8
39,"(1, 4)",lake,9
39,"(2, 0)",field,10
39,"(2, 1)",field,11
39,"(2, 2)",home,12
39,"(2, 3)",lake,13
39,"(2, 4)",lake,14
39,"(3, 0)",field,15
39,"(3, 1)",field,16
39,"(3, 2)",field,17
39,"(3, 3)",lake,18
39,"(3, 4)",lake,19
39,"(4, 0)",mine,20
39,"(4, 1)",mine,21
39,"(4, 2)",mine,22
39,"(4, 3)",mine,23
39,"(4, 4)",swamp,24
40,"(0, 0)",field,0
40,"(0, 1)",forest,1
40,"(0, 2)",forest,2
40,"(0, 3)",forest,3
40,"(0, 4)",swamp,4
40,"(1, 0)",field,5
40,"(1, 1)",field,6
40,"(1, 2)",forest,7
40,"(1, 3)",home,8
40,"(1, 4)",grassland,9
40,"(2, 0)",grassland,10
40,"(2, 1)",field,11
40,"(2, 2)",forest,12
40,"(2, 3)",forest,13
40,"(2, 4)",grassland,14
40,"(3, 0)",lake,15
40,"(3, 1)",forest,16
40,"(3, 2)",forest,17
40,"(3, 3)",grassland,18
40,"(3, 4)",grassland,19
40,"(4, 0)",lake,20
40,"(4, 1)",field,21
40,"(4, 2)",lake,22
40,"(4, 3)",grassland,23
40,"(4, 4)",lake,24
41,"(0, 0)",field,0
41,"(0, 1)",swamp,1
41,"(0, 2)",field,2
41,"(0, 3)",forest,3
41,"(0, 4)",lake,4
41,"(1, 0)",grassland,5
41,"(1, 1)",grassland,6
41,"(1, 2)",field,7
41,"(1, 3)",field,8
41,"(1, 4)",lake,9
41,"(2, 0)",forest,10
41,"(2, 1)",lake,11
41,"(2, 2)",lake,12
41,"(2, 3)",lake,13
41,"(2, 4)",lake,14
41,"(3, 0)",mine,15
41,"(3, 1)",swamp,16
41,"(3, 2)",field,17
41,"(3, 3)",forest,18
41,"(3, 4)",lake,19
41,"(4, 0)",mine,20
41,"(4, 1)",field,21
41,"(4, 2)",field,22
41,"(4, 3)",forest,23
41,"(4, 4)",home,24
42,"(0, 0)",field,0
42,"(0, 1)",lake,1
42,"(0, 2)",lake,2
42,"(0, 3)",forest,3
42,"(0, 4)",forest,4
42,"(1, 0)",field,5
42,"(1, 1)",field,6
42,"(1, 2)",forest,7
42,"(1, 3)",forest,8
42,"(1, 4)",forest,9
42,"(2, 0)",field,10
42,"(2, 1)",lake,11
42,"(2, 2)",forest,12
42,"(2, 3)",forest,13
42,"(2, 4)",swamp,14
42,"(3, 0)",field,15
42,"(3, 1)",lake,16
42,"(3, 2)",lake,17
42,"(3, 3)",forest,18
42,"(3, 4)",mine,19
42,"(4, 0)",field,20
42,"(4, 1)",field,21
42,"(4, 2)",field,22
42,"(4, 3)",forest,23
42,"(4, 4)",home,24
43,"(0, 0)",forest,0
43,"(0, 1)",forest,1
43,"(0, 2)",forest,2
43,"(0, 3)",field,3
43,"(0, 4)",field,4
43,"(1, 0)",grassland,5
43,"(1, 1)",grassland,6
43,"(1, 2)",grassland,7
43,"(1, 3)",field,8
43,"(1, 4)",mine,9
43,"(2, 0)",lake,10
43,"(2, 1)",grassland,11
43,"(2, 2)",home,12
43,"(2, 3)",field,13
43,"(2, 4)",mine,14
43,"(3, 0)",swamp,15
43,"(3, 1)",grassland,16
43,"(3, 2)",grassland,17
43,"(3, 3)",field,18
43,"(3, 4)",grassland,19
43,"(4, 0)",lake,20
43,"(4, 1)",grassland,21
43,"(4, 2)",grassland,22
43,"(4, 3)",grassland,23
43,"(4, 4)",grassland,24
44,"(0, 0)",field,0
44,"(0, 1)",swamp,1
44,"(0, 2)",field,2
44,"(0, 3)",forest,3
44,"(0, 4)",lake,4
44,"(1, 0)",grassland,5
44,"(1, 1)",grassland,6
44,"(1, 2)",field,7
44,"(1, 3)",field,8
44,"(1, 4)",lake,9
44,"(2, 0)",forest,10
44,"(2, 1)",lake,11
44,"(2, 2)",lake,12
44,"(2, 3)",lake,13
44,"(2, 4)",lake,14
44,"(3, 0)",mine,15
44,"(3, 1)",swamp,16
44,"(3, 2)",field,17
44,"(3, 3)",forest,18
44,"(3, 4)",lake,19
44,"(4, 0)",mine,20
44,"(4, 1)",field,21
44,"(4, 2)",field,22
44,"(4, 3)",forest,23
44,"(4, 4)",home,24
45,"(0, 0)",forest,0
45,"(0, 1)",field,1
45,"(0, 2)",swamp,2
45,"(0, 3)",field,3
45,"(0, 4)",grassland,4
45,"(1, 0)",forest,5
45,"(1, 1)",field,6
45,"(1, 2)",swamp,7
45,"(1, 3)",swamp,8
45,"(1, 4)",swamp,9
45,"(2, 0)",home,10
45,"(2, 1)",field,11
45,"(2, 2)",mine,12
45,"(2, 3)",swamp,13
45,"(2, 4)",swamp,14
45,"(3, 0)",forest,15
45,"(3, 1)",field,16
45,"(3, 2)",field,17
45,"(3, 3)",lake,18
45,"(3, 4)",lake,19
45,"(4, 0)",forest,20
45,"(4, 1)",forest,21
45,"(4, 2)",forest,22
45,"(4, 3)",lake,23
45,"(4, 4)",lake,24
46,"(0, 0)",field,0
46,"(0, 1)",lake,1
46,"(0, 2)",lake,2
46,"(0, 3)",forest,3
46,"(0, 4)",forest,4
46,"(1, 0)",field,5
46,"(1, 1)",field,6
46,"(1, 2)",forest,7
46,"(1, 3)",forest,8
46,"(1, 4)",forest,9
46,"(2, 0)",field,10
46,"(2, 1)",lake,11
46,"(2, 2)",forest,12
46,"(2, 3)",forest,13
46,"(2, 4)",swamp,14
46,"(3, 0)",field,15
46,"(3, 1)",lake,16
46,"(3, 2)",lake,17
46,"(3, 3)",forest,18
46,"(3, 4)",mine,19
46,"(4, 0)",field,20
46,"(4, 1)",field,21
46,"(4, 2)",field,22
46,"(4, 3)",forest,23
46,"(4, 4)",home,24
47,"(0, 0)",forest,0
47,"(0, 1)",forest,1
47,"(0, 2)",forest,2
47,"(0, 3)",field,3
47,"(0, 4)",field,4
47,"(1, 0)",grassland,5
47,"(1, 1)",grassland,6
47,"(1, 2)",grassland,7
47,"(1, 3)",field,8
47,"(1, 4)",mine,9
47,"(2, 0)",lake,10
47,"(2, 1)",grassland,11
47,"(2, 2)",home,12
47,"(2, 3)",field,13
47,"(2, 4)",mine,14
47,"(3, 0)",swamp,15
47,"(3, 1)",grassland,16
47,"(3, 2)",grassland,17
47,"(3, 3)",field,18
47,"(3, 4)",grassland,19
47,"(4, 0)",lake,20
47,"(4, 1)",grassland,21
47,"(4, 2)",grassland,22
47,"(4, 3)",grassland,23
47,"(4, 4)",grassland,24
48,"(0, 0)",lake,0
48,"(0, 1)",swamp,1
48,"(0, 2)",field,2
48,"(0, 3)",forest,3
48,"(0, 4)",forest,4
48,"(1, 0)",field,5
48,"(1, 1)",field,6
48,"(1, 2)",field,7
48,"(1, 3)",field,8
48,"(1, 4)",forest,9
48,"(2, 0)",field,10
48,"(2, 1)",field,11
48,"(2, 2)",home,12
48,"(2, 3)",field,13
48,"(2, 4)",grassland,14
48,"(3, 0)",swamp,15
48,"(3, 1)",mine,16
48,"(3, 2)",mine,17
48,"(3, 3)",field,18
48,"(3, 4)",field,19
48,"(4, 0)",swamp,20
48,"(4, 1)",swamp,21
48,"(4, 2)",swamp,22
48,"(4, 3)",swamp,23
48,"(4, 4)",swamp,24
49,"(0, 0)",field,0
49,"(0, 1)",lake,1
49,"(0, 2)",lake,2
49,"(0, 3)",forest,3
49,"(0, 4)",forest,4
49,"(1, 0)",field,5
49,"(1, 1)",forest,6
49,"(1, 2)",mine,7
49,"(1, 3)",field,8
49,"(1, 4)",lake,9
49,"(2, 0)",swamp,10
49,"(2, 1)",grassland,11
49,"(2, 2)",home,12
49,"(2, 3)",lake,13
49,"(2, 4)",lake,14
49,"(3, 0)",grassland,15
49,"(3, 1)",grassland,16
49,"(3, 2)",forest,17
49,"(3, 3)",lake,18
49,"(3, 4)",lake,19
49,"(4, 0)",field,20
49,"(4, 1)",field,21
49,"(4, 2)",forest,22
49,"(4, 3)",forest,23
49,"(4, 4)",forest,24
50,"(0, 0)",forest,0
50,"(0, 1)",forest,1
50,"(0, 2)",forest,2
50,"(0, 3)",field,3
50,"(0, 4)",grassland,4
50,"(1, 0)",forest,5
50,"(1, 1)",forest,6
50,"(1, 2)",forest,7
50,"(1, 3)",field,8
50,"(1, 4)",grassland,9
50,"(2, 0)",forest,10
50,"(2, 1)",lake,11
50,"(2, 2)",home,12
50,"(2, 3)",field,13
50,"(2, 4)",grassland,14
50,"(3, 0)",lake,15
50,"(3, 1)",lake,16
50,"(3, 2)",field,17
50,"(3, 3)",field,18
50,"(3, 4)",mine,19
50,"(4, 0)",lake,20
50,"(4, 1)",lake,21
50,"(4, 2)",lake,22
50,"(4, 3)",swamp,23
50,"(4, 4)",mine,24
51,"(0, 0)",grassland,0
51,"(0, 1)",grassland,1
51,"(0, 2)",lake,2
51,"(0, 3)",lake,3
51,"(0, 4)",field,4
51,"(1, 0)",lake,5
51,"(1, 1)",forest,6
51,"(1, 2)",forest,7
51,"(1, 3)",mine,8
51,"(1, 4)",field,9
51,"(2, 0)",forest,10
51,"(2, 1)",forest,11
51,"(2, 2)",home,12
51,"(2, 3)",grassland,13
51,"(2, 4)",field,14
51,"(3, 0)",field,15
51,"(3, 1)",swamp,16
51,"(3, 2)",lake,17
51,"(3, 3)",grassland,18
51,"(3, 4)",field,19
51,"(4, 0)",grassland,20
51,"(4, 1)",grassland,21
51,"(4, 2)",grassland,22
51,"(4, 3)",grassland,23
51,"(4, 4)",field,24
52,"(0, 0)",lake,0
52,"(0, 1)",swamp,1
52,"(0, 2)",field,2
52,"(0, 3)",forest,3
52,"(0, 4)",forest,4
52,"(1, 0)",field,5
52,"(1, 1)",field,6
52,"(1, 2)",field,7
52,"(1, 3)",field,8
52,"(1, 4)",forest,9
52,"(2, 0)",field,10
52,"(2, 1)",field,11
52,"(2, 2)",home,12
52,"(2, 3)",field,13
52,"(2, 4)",forest,14
52,"(3, 0)",swamp,15
52,"(3, 1)",mine,16
52,"(3, 2)",mine,17
52,"(3, 3)",field,18
52,"(3, 4)",field,19
52,"(4, 0)",swamp,20
52,"(4, 1)",swamp,21
52,"(4, 2)",swamp,22
52,"(4, 3)",swamp,23
52,"(4, 4)",swamp,24
53,"(0, 0)",field,0
53,"(0, 1)",lake,1
53,"(0, 2)",lake,2
53,"(0, 3)",forest,3
53,"(0, 4)",forest,4
53,"(1, 0)",field,5
53,"(1, 1)",forest,6
53,"(1, 2)",mine,7
53,"(1, 3)",field,8
53,"(1, 4)",lake,9
53,"(2, 0)",swamp,10
53,"(2, 1)",grassland,11
53,"(2, 2)",home,12
53,"(2, 3)",lake,13
53,"(2, 4)",lake,14
53,"(3, 0)",grassland,15
53,"(3, 1)",grassland,16
53,"(3, 2)",forest,17
53,"(3, 3)",lake,18
53,"(3, 4)",lake,19
53,"(4, 0)",field,20
53,"(4, 1)",field,21
53,"(4, 2)",forest,22
53,"(4, 3)",forest,23
53,"(4, 4)",forest,24
54,"(0, 0)",forest,0
54,"(0, 1)",forest,1
54,"(0, 2)",forest,2
54,"(0, 3)",field,3
54,"(0, 4)",grassland,4
54,"(1, 0)",forest,5
54,"(1, 1)",forest,6
54,"(1, 2)",forest,7
54,"(1, 3)",field,8
54,"(1, 4)",grassland,9
54,"(2, 0)",forest,10
54,"(2, 1)",lake,11
54,"(2, 2)",home,12
54,"(2, 3)",field,13
54,"(2, 4)",grassland,14
54,"(3, 0)",lake,15
54,"(3, 1)",lake,16
54,"(3, 2)",field,17
54,"(3, 3)",field,18
54,"(3, 4)",mine,19
54,"(4, 0)",lake,20
54,"(4, 1)",lake,21
54,"(4, 2)",lake,22
54,"(4, 3)",swamp,23
54,"(4, 4)",mine,24
55,"(0, 0)",grassland,0
55,"(0, 1)",grassland,1
55,"(0, 2)",lake,2
55,"(0, 3)",lake,3
55,"(0, 4)",field,4
55,"(1, 0)",lake,5
55,"(1, 1)",forest,6
55,"(1, 2)",forest,7
55,"(1, 3)",mine,8
55,"(1, 4)",field,9
55,"(2, 0)",forest,10
55,"(2, 1)",forest,11
55,"(2, 2)",home,12
55,"(2, 3)",grassland,13
55,"(2, 4)",field,14
55,"(3, 0)",field,15
55,"(3, 1)",swamp,16
55,"(3, 2)",lake,17
55,"(3, 3)",grassland,18
55,"(3, 4)",field,19
55,"(4, 0)",grassland,20
55,"(4, 1)",grassland,21
55,"(4, 2)",grassland,22
55,"(4, 3)",grassland,23
55,"(4, 4)",field,24
56,"(0, 0)",mine,0
56,"(0, 1)",forest,1
56,"(0, 2)",lake,2
56,"(0, 3)",lake,3
56,"(0, 4)",lake,4
56,"(1, 0)",field,5
56,"(1, 1)",forest,6
56,"(1, 2)",lake,7
56,"(1, 3)",lake,8
56,"(1, 4)",lake,9
56,"(2, 0)",field,10
56,"(2, 1)",field,11
56,"(2, 2)",mine,12
56,"(2, 3)",lake,13
56,"(2, 4)",lake,14
56,"(3, 0)",swamp,15
56,"(3, 1)",swamp,16
56,"(3, 2)",swamp,17
56,"(3, 3)",forest,18
56,"(3, 4)",forest,19
56,"(4, 0)",swamp,20
56,"(4, 1)",swamp,21
56,"(4, 2)",home,22
56,"(4, 3)",field,23
56,"(4, 4)",forest,24
57,"(0, 0)",grassland,0
57,"(0, 1)",forest,1
57,"(0, 2)",grassland,2
57,"(0, 3)",grassland,3
57,"(0, 4)",lake,4
57,"(1, 0)",grassland,5
57,"(1, 1)",forest,6
57,"(1, 2)",grassland,7
57,"(1, 3)",field,8
57,"(1, 4)",forest,9
57,"(2, 0)",grassland,10
57,"(2, 1)",grassland,11
57,"(2, 2)",grassland,12
57,"(2, 3)",field,13
57,"(2, 4)",home,14
57,"(3, 0)",grassland,15
57,"(3, 1)",swamp,16
57,"(3, 2)",grassland,17
57,"(3, 3)",field,18
57,"(3, 4)",field,19
57,"(4, 0)",grassland,20
57,"(4, 1)",swamp,21
57,"(4, 2)",grassland,22
57,"(4, 3)",lake,23
57,"(4, 4)",lake,24
58,"(0, 0)",field,0
58,"(0, 1)",swamp,1
58,"(0, 2)",swamp,2
58,"(0, 3)",field,3
58,"(0, 4)",home,4
58,"(1, 0)",mine,5
58,"(1, 1)",mine,6
58,"(1, 2)",field,7
58,"(1, 3)",field,8
58,"(1, 4)",forest,9
58,"(2, 0)",mine,10
58,"(2, 1)",field,11
58,"(2, 2)",field,12
58,"(2, 3)",forest,13
58,"(2, 4)",forest,14
58,"(3, 0)",lake,15
58,"(3, 1)",field,16
58,"(3, 2)",field,17
58,"(3, 3)",field,18
58,"(3, 4)",forest,19
58,"(4, 0)",grassland,20
58,"(4, 1)",grassland,21
58,"(4, 2)",field,22
58,"(4, 3)",forest,23
58,"(4, 4)",forest,24
59,"(0, 0)",mine,0
59,"(0, 1)",field,1
59,"(0, 2)",home,2
59,"(0, 3)",field,3
59,"(0, 4)",lake,4
59,"(1, 0)",forest,5
59,"(1, 1)",field,6
59,"(1, 2)",lake,7
59,"(1, 3)",field,8
59,"(1, 4)",lake,9
59,"(2, 0)",forest,10
59,"(2, 1)",field,11
59,"(2, 2)",field,12
59,"(2, 3)",field,13
59,"(2, 4)",lake,14
59,"(3, 0)",forest,15
59,"(3, 1)",forest,16
59,"(3, 2)",field,17
59,"(3, 3)",swamp,18
59,"(3, 4)",lake,19
59,"(4, 0)",forest,20
59,"(4, 1)",forest,21
59,"(4, 2)",forest,22
59,"(4, 3)",forest,23
59,"(4, 4)",lake,24
60,"(0, 0)",mine,0
60,"(0, 1)",forest,1
60,"(0, 2)",lake,2
60,"(0, 3)",lake,3
60,"(0, 4)",lake,4
60,"(1, 0)",field,5
60,"(1, 1)",forest,6
60,"(1, 2)",lake,7
60,"(1, 3)",lake,8
60,"(1, 4)",lake,9
60,"(2, 0)",field,10
60,"(2, 1)",field,11
60,"(2, 2)",mine,12
60,"(2, 3)",lake,13
60,"(2, 4)",lake,14
60,"(3, 0)",swamp,15
60,"(3, 1)",swamp,16
60,"(3, 2)",swamp,17
60,"(3, 3)",forest,18
60,"(3, 4)",forest,19
60,"(4, 0)",swamp,20
60,"(4, 1)",swamp,21
60,"(4, 2)",home,22
60,"(4, 3)",field,23
60,"(4, 4)",forest,24
61,"(0, 0)",grassland,0
61,"(0, 1)",forest,1
61,"(0, 2)",grassland,2
61,"(0, 3)",grassland,3
61,"(0, 4)",lake,4
61,"(1, 0)",grassland,5
61,"(1, 1)",forest,6
61,"(1, 2)",grassland,7
61,"(1, 3)",field,8
61,"(1, 4)",forest,9
61,"(2, 0)",grassland,10
61,"(2, 1)",grassland,11
61,"(2, 2)",grassland,12
61,"(2, 3)",field,13
61,"(2, 4)",home,14
61,"(3, 0)",grassland,15
61,"(3, 1)",swamp,16
61,"(3, 2)",grassland,17
61,"(3, 3)",field,18
61,"(3, 4)",field,19
61,"(4, 0)",grassland,20
61,"(4, 1)",swamp,21
61,"(4, 2)",grassland,22
61,"(4, 3)",lake,23
61,"(4, 4)",lake,24
62,"(0, 0)",field,0
62,"(0, 1)",swamp,1
62,"(0, 2)",swamp,2
62,"(0, 3)",field,3
62,"(0, 4)",home,4
62,"(1, 0)",mine,5
62,"(1, 1)",mine,6
62,"(1, 2)",field,7
62,"(1, 3)",field,8
62,"(1, 4)",forest,9
62,"(2, 0)",mine,10
62,"(2, 1)",field,11
62,"(2, 2)",field,12
62,"(2, 3)",forest,13
62,"(2, 4)",forest,14
62,"(3, 0)",lake,15
62,"(3, 1)",field,16
62,"(3, 2)",field,17
62,"(3, 3)",field,18
62,"(3, 4)",forest,19
62,"(4, 0)",grassland,20
62,"(4, 1)",grassland,21
62,"(4, 2)",field,22
62,"(4, 3)",forest,23
62,"(4, 4)",forest,24
63,"(0, 0)",mine,0
63,"(0, 1)",field,1
63,"(0, 2)",home,2
63,"(0, 3)",field,3
63,"(0, 4)",lake,4
63,"(1, 0)",forest,5
63,"(1, 1)",field,6
63,"(1, 2)",lake,7
63,"(1, 3)",field,8
63,"(1, 4)",lake,9
63,"(2, 0)",forest,10
63,"(2, 1)",field,11
63,"(2, 2)",field,12
63,"(2, 3)",field,13
63,"(2, 4)",lake,14
63,"(3, 0)",forest,15
63,"(3, 1)",forest,16
63,"(3, 2)",field,17
63,"(3, 3)",swamp,18
63,"(3, 4)",lake,19
63,"(4, 0)",forest,20
63,"(4, 1)",forest,21
63,"(4, 2)",forest,22
63,"(4, 3)",forest,23
63,"(4, 4)",lake,24
64,"(0, 0)",forest,0
64,"(0, 1)",forest,1
64,"(0, 2)",forest,2
64,"(0, 3)",forest,3
64,"(0, 4)",forest,4
64,"(1, 0)",forest,5
64,"(1, 1)",field,6
64,"(1, 2)",field,7
64,"(1, 3)",field,8
64,"(1, 4)",field,9
64,"(2, 0)",forest,10
64,"(2, 1)",field,11
64,"(2, 2)",field,12
64,"(2, 3)",field,13
64,"(2, 4)",field,14
64,"(3, 0)",forest,15
64,"(3, 1)",field,16
64,"(3, 2)",forest,17
64,"(3, 3)",forest,18
64,"(3, 4)",field,19
64,"(4, 0)",forest,20
64,"(4, 1)",forest,21
64,"(4, 2)",forest,22
64,"(4, 3)",forest,23
64,"(4, 4)",home,24
65,"(0, 0)",grassland,0
65,"(0, 1)",grassland,1
65,"(0, 2)",lake,2
65,"(0, 3)",field,3
65,"(0, 4)",swamp,4
65,"(1, 0)",forest,5
65,"(1, 1)",grassland,6
65,"(1, 2)",grassland,7
65,"(1, 3)",field,8
65,"(1, 4)",field,9
65,"(2, 0)",forest,10
65,"(2, 1)",grassland,11
65,"(2, 2)",grassland,12
65,"(2, 3)",field,13
65,"(2, 4)",home,14
65,"(3, 0)",lake,15
65,"(3, 1)",grassland,16
65,"(3, 2)",grassland,17
65,"(3, 3)",field,18
65,"(3, 4)",field,19
65,"(4, 0)",lake,20
65,"(4, 1)",grassland,21
65,"(4, 2)",grassland,22
65,"(4, 3)",grassland,23
65,"(4, 4)",grassland,24
66,"(0, 0)",field,0
66,"(0, 1)",field,1
66,"(0, 2)",field,2
66,"(0, 3)",field,3
66,"(0, 4)",field,4
66,"(1, 0)",swamp,5
66,"(1, 1)",mine,6
66,"(1, 2)",mine,7
66,"(1, 3)",mine,8
66,"(1, 4)",mine,9
66,"(2, 0)",swamp,10
66,"(2, 1)",mine,11
66,"(2, 2)",mine,12
66,"(2, 3)",swamp,13
66,"(2, 4)",field,14
66,"(3, 0)",swamp,15
66,"(3, 1)",field,16
66,"(3, 2)",swamp,17
66,"(3, 3)",swamp,18
66,"(3, 4)",grassland,19
66,"(4, 0)",swamp,20
66,"(4, 1)",swamp,21
66,"(4, 2)",swamp,22
66,"(4, 3)",grassland,23
66,"(4, 4)",home,24
67,"(0, 0)",lake,0
67,"(0, 1)",lake,1
67,"(0, 2)",lake,2
67,"(0, 3)",lake,3
67,"(0, 4)",home,4
67,"(1, 0)",lake,5
67,"(1, 1)",field,6
67,"(1, 2)",lake,7
67,"(1, 3)",lake,8
67,"(1, 4)",lake,9
67,"(2, 0)",lake,10
67,"(2, 1)",field,11
67,"(2, 2)",field,12
67,"(2, 3)",forest,13
67,"(2, 4)",forest,14
67,"(3, 0)",lake,15
67,"(3, 1)",forest,16
67,"(3, 2)",forest,17
67,"(3, 3)",forest,18
67,"(3, 4)",forest,19
67,"(4, 0)",lake,20
67,"(4, 1)",lake,21
67,"(4, 2)",lake,22
67,"(4, 3)",lake,23
67,"(4, 4)",lake,24
68,"(0, 0)",forest,0
68,"(0, 1)",forest,1
68,"(0, 2)",forest,2
68,"(0, 3)",forest,3
68,"(0, 4)",forest,4
68,"(1, 0)",forest,5
68,"(1, 1)",field,6
68,"(1, 2)",field,7
68,"(1, 3)",field,8
68,"(1, 4)",field,9
68,"(2, 0)",forest,10
68,"(2, 1)",field,11
68,"(2, 2)",field,12
68,"(2, 3)",field,13
68,"(2, 4)",field,14
68,"(3, 0)",forest,15
68,"(3, 1)",field,16
68,"(3, 2)",forest,17
68,"(3, 3)",forest,18
68,"(3, 4)",field,19
68,"(4, 0)",forest,20
68,"(4, 1)",forest,21
68,"(4, 2)",forest,22
68,"(4, 3)",forest,23
68,"(4, 4)",home,24
69,"(0, 0)",field,0
69,"(0, 1)",field,1
69,"(0, 2)",field,2
69,"(0, 3)",field,3
69,"(0, 4)",field,4
69,"(1, 0)",swamp,5
69,"(1, 1)",mine,6
69,"(1, 2)",mine,7
69,"(1, 3)",mine,8
69,"(1, 4)",mine,9
69,"(2, 0)",swamp,10
69,"(2, 1)",mine,11
69,"(2, 2)",mine,12
69,"(2, 3)",swamp,13
69,"(2, 4)",field,14
69,"(3, 0)",swamp,15
69,"(3, 1)",field,16
69,"(3, 2)",swamp,17
69,"(3, 3)",swamp,18
69,"(3, 4)",grassland,19
69,"(4, 0)",swamp,20
69,"(4, 1)",swamp,21
69,"(4, 2)",swamp,22
69,"(4, 3)",grassland,23
69,"(4, 4)",home,24
70,"(0, 0)",lake,0
70,"(0, 1)",lake,1
70,"(0, 2)",lake,2
70,"(0, 3)",lake,3
70,"(0, 4)",home,4
70,"(1, 0)",lake,5
70,"(1, 1)",field,6
70,"(1, 2)",lake,7
70,"(1, 3)",lake,8
70,"(1, 4)",lake,9
70,"(2, 0)",lake,10
70,"(2, 1)",field,11
70,"(2, 2)",field,12
70,"(2, 3)",forest,13
70,"(2, 4)",forest,14
70,"(3, 0)",lake,15
70,"(3, 1)",forest,16
70,"(3, 2)",forest,17
70,"(3, 3)",forest,18
70,"(3, 4)",forest,19
70,"(4, 0)",lake,20
70,"(4, 1)",lake,21
70,"(4, 2)",lake,22
70,"(4, 3)",lake,23
70,"(4, 4)",lake,24
71,"(0, 0)",forest,0
71,"(0, 1)",forest,1
71,"(0, 2)",forest,2
71,"(0, 3)",forest,3
71,"(0, 4)",forest,4
71,"(1, 0)",forest,5
71,"(1, 1)",field,6
71,"(1, 2)",field,7
71,"(1, 3)",field,8
71,"(1, 4)",field,9
71,"(2, 0)",forest,10
71,"(2, 1)",field,11
71,"(2, 2)",field,12
71,"(2, 3)",field,13
71,"(2, 4)",field,14
71,"(3, 0)",forest,15
71,"(3, 1)",field,16
71,"(3, 2)",forest,17
71,"(3, 3)",forest,18
71,"(3, 4)",field,19
71,"(4, 0)",forest,20
71,"(4, 1)",forest,21
71,"(4, 2)",forest,22
71,"(4, 3)",forest,23
71,"(4, 4)",home,24
72,"(0, 0)",grassland,0
72,"(0, 1)",grassland,1
72,"(0, 2)",lake,2
72,"(0, 3)",field,3
72,"(0, 4)",swamp,4
72,"(1, 0)",forest,5
72,"(1, 1)",grassland,6
72,"(1, 2)",grassland,7
72,"(1, 3)",field,8
72,"(1, 4)",field,9
72,"(2, 0)",forest,10
72,"(2, 1)",grassland,11
72,"(2, 2)",grassland,12
72,"(2, 3)",field,13
72,"(2, 4)",home,14
72,"(3, 0)",lake,15
72,"(3, 1)",grassland,16
72,"(3, 2)",grassland,17
72,"(3, 3)",field,18
72,"(3, 4)",field,19
72,"(4, 0)",lake,20
72,"(4, 1)",grassland,21
72,"(4, 2)",grassland,22
72,"(4, 3)",grassland,23
72,"(4, 4)",grassland,24
73,"(0, 0)",field,0
73,"(0, 1)",field,1
73,"(0, 2)",field,2
73,"(0, 3)",field,3
73,"(0, 4)",field,4
73,"(1, 0)",swamp,5
73,"(1, 1)",mine,6
73,"(1, 2)",mine,7
73,"(1, 3)",mine,8
73,"(1, 4)",mine,9
73,"(2, 0)",swamp,10
73,"(2, 1)",mine,11
73,"(2, 2)",mine,12
73,"(2, 3)",swamp,13
73,"(2, 4)",field,14
73,"(3, 0)",swamp,15
73,"(3, 1)",field,16
73,"(3, 2)",swamp,17
73,"(3, 3)",swamp,18
73,"(3, 4)",grassland,19
73,"(4, 0)",swamp,20
73,"(4, 1)",swamp,21
73,"(4, 2)",swamp,22
73,"(4, 3)",grassland,23
73,"(4, 4)",home,24
